Temperature,Humidity,Wind Speed,Equipment ID,Equipment Status,Accident Occurred
-12.69638070956033,-1.4166499928577423,0.0967347766707744,1380787,1.073504406365598,0
-4.237086292463471,-2.03547989126724,-0.7115983604167342,1255988,-3.140961174132767,1
-0.6516321538600339,1.8380927933482296,0.5935492970877595,63491,0.8303807552541094,0
-0.4005637904250774,3.86191674221397,2.064170909958404,1501505,1.4608200265842652,0
-8.067083198983445,-1.2214326822921175,0.6517429846024299,1058155,-0.6466759479722508,0
-2.2414307761990675,1.2134641292373691,0.8379514242934726,777387,1.7373803185408268,0
-4.358446691635872,2.6185738012852147,1.4171125146424162,244490,2.6405959491513444,0
8.72937740001728,2.0409459960673644,-1.2471183103233805,323119,1.6249718100759818,1
12.14607145746714,3.1514967140928096,-1.1004385833358925,1171120,1.233295629880636,1
-4.091784141674042,-2.462285768210166,-0.3523774723733992,1765064,-0.4553585051294543,0
6.1516839919412245,1.0857209108162684,-1.2213515167259303,137477,0.0461116767819248,1
-1.8481101424122746,0.2079499009107588,0.735707851897917,534212,-0.303556888569844,0
2.414717935716934,0.5081856295573112,-0.9585157955564776,537281,0.9666178090486458,1
6.073148231594706,1.4706138344045825,-1.2511764489396793,501253,-0.5167838005277248,1
-4.8748183862533025,-0.5582582985857146,1.709534530358435,2826211,-2.5252387535683902,0
-7.284335264331034,0.1629135618855829,1.70220878626174,1585350,-1.1916002857639725,0
-5.8351502711666905,-2.0938913044221854,-0.6460506455204049,469336,-0.4241668159750167,0
-7.310244610418846,-1.3589505579694063,0.7081978411045013,2244146,-2.0197332913410517,0
9.76412572443,1.997911980706536,-1.4590519515066775,478774,0.0028557232152265,1
-7.360931370753682,0.146617990389874,2.606369896625356,1176270,2.259127103960655,1
-2.605908130983104,-2.312494741189803,1.2071620288054756,3580033,-2.0856703090644797,0
2.671251742926603,1.5925653438608542,-0.8610929532900631,1785886,1.9650774004234464,1
7.446997856865416,2.044457613879885,-0.8714965693091541,2294974,2.311541565958944,1
1.0912980641181937,0.1847230168887985,-0.9983904304495638,582394,0.9052120462129544,1
-5.673369457003112,1.508821183091421,4.520462511718868,895090,0.7168538727860365,1
-5.7939635309123805,-5.146619864494348,-1.831113019340904,1514830,-5.777263447309726,1
-2.643473107838321,0.2297911776356292,0.5922761920384081,1589968,-2.48252679982581,1
-2.673999513780834,1.648734334198655,0.7702493775815298,175916,0.0410781832877531,0
-3.714259822532247,0.7698734451675942,2.5082092729123806,2490508,-2.706659314325317,0
-0.6970106222044834,1.3681740103660185,0.5578302688590266,1477065,0.8926936350364488,0
8.892153962686839,1.107576240995796,-2.184260461768276,698606,0.2470565970808543,1
-3.528991218278079,2.105273155704673,0.9989321603780316,812050,1.0948767374771964,0
-6.035993673273928,-2.3187861442475937,-0.138826814188077,1954993,-1.044425110620512,0
-6.79694984628023,-0.3651418485773351,0.4258920441667273,2580796,2.1318846246960304,1
-6.865713334396246,-1.2411281336640183,1.3053158195922607,1244044,-2.36328675603588,1
8.57411697204863,2.846085217533397,-1.4702380949680232,353278,0.8937003230454591,1
0.8054684016062947,2.171840477523443,0.6997359529247097,1022263,1.7216067264747574,0
-0.9675919004858219,0.7781813043614033,0.671886334945667,2853395,-4.106582076746552,1
-1.881540897632638,1.750078428635237,0.1889396656621438,893419,1.0857411623249047,0
-2.3866922038285634,0.4195276475932498,1.0828729236443222,1543262,-2.1245697939553136,1
-5.442309371194073,0.0864571257599477,1.2227736224573953,2083572,-1.5963270493342288,0
-5.916135265349978,-4.438836066897215,-1.4411711780496832,1276697,-0.3959955075148338,0
-2.7639424637149843,0.1114440879230522,-0.8516285310972935,3738694,1.446581363351919,1
-8.80322843420122,-4.416416503138055,-1.6328326954825707,1058422,-1.69995209764649,1
5.769193886123466,1.438586759961855,-0.9568015446675232,2179620,0.9442957746788034,1
-5.382012784149927,-1.0208975194711176,-0.370090945998824,1521192,0.1289726001739675,1
-3.8513113850942333,0.6458264534654514,1.5761372701554328,1113707,-1.6079143227844837,0
-1.775060028098533,0.9505760849753652,1.4466733615494158,1112890,-0.8520899436790219,0
-1.6002913624541886,0.3697543790885961,0.5352566566750554,1902770,0.260595900317373,0
-0.011716740681618602,0.9300748605875268,1.4156563793324066,609908,2.390926390922932,1
-3.100587727130391,3.638999574041757,2.266123761382047,1033053,1.2639131645607913,0
-4.000908588569796,3.745086803881516,1.6487895036002458,1219754,-0.432986939310151,0
-4.258516379855186,-0.0321015301312822,-0.4295550062841415,3934851,-2.297774570083412,1
3.224343602409463,1.585782619409861,-1.146354780529066,2207793,0.3828239068545178,1
-5.514369849636109,-0.9807766203919164,0.4663325710527293,1496341,-1.1898703789662135,0
-4.14665072803404,1.332269896600836,1.539798687406457,1239891,0.4873968772740819,0
-3.1255656321777807,2.08791696878455,0.4649945943056415,1112733,4.38115103716019,0
10.041869820291325,1.7779793281463032,-1.7583052112706168,449599,-0.2476236600413708,1
5.470065554735539,6.134151281764643,2.239282413679337,1791644,3.1141189822391,0
-3.044140307331642,0.3018690701173172,1.6957170955934275,473874,-0.0587866881046421,1
-3.3426176917990538,3.0517658497395423,2.5121204193530318,344888,-1.789619197550088,0
-6.370119270837725,1.1162726994176817,0.7858136384818877,76094,-0.9866716359967485,0
17.338736335084427,2.008455894810897,-2.955454902282109,490673,0.936243290653444,1
-6.640060601822792,-0.5458096649196097,0.8906194096224259,519354,1.2968317502778277,0
-3.215325114855252,-0.2283756914156587,1.6589131911585595,1022338,-0.336836750045522,1
-0.5148499849904844,0.7631414234761643,0.2683089487624391,911761,2.7613002196521124,0
-1.1489166274704992,2.6659394173756565,0.6515729157045478,173973,3.34465614855123,0
-5.039151052442243,-0.5327090086500081,0.2369383311746311,735337,-0.7011921049586911,0
-4.40898481620944,2.3454284949281723,4.212771479626662,2566868,-1.896965586692149,1
-1.2947658957172177,0.3901834231559818,1.055165047997283,1293182,-0.5435337469784831,0
1.4285784555132173,3.806139564011319,2.5552854364882,128078,-0.5718563182484365,0
0.02180858615275644,1.8164245712302596,2.894034796110487,1611436,-2.928877725457119,1
4.651888954757759,0.3231620403469908,-1.6595603580201364,2021687,0.7000822131084998,1
0.9897679359596132,-0.5725041469302994,0.0738858694923413,1123291,0.650236892358325,0
-6.962163430969136,-1.6730941841151008,0.1207748890617536,1868305,-1.2292843878315496,0
-4.509315133202164,-0.965048763754286,0.2472462312436801,1235714,0.0624235537884264,0
-2.127451065650475,1.0405263224532453,0.9997051542915274,1436737,0.975009641874266,0
9.975058029452995,1.028442435248421,-2.086772933177838,1145385,0.5381884727056248,1
0.9125868967388863,2.5005281351484605,1.1977184037286257,1205630,2.611349112144308,0
0.20848996625877073,0.0423325420763023,1.233521636858189,157954,-2.156471816704965,1
-4.396510218618106,-2.5890324860261877,-1.8306719172014276,454276,0.3577855133213075,1
-3.063233275007164,1.2513321395550598,0.3563889975102228,1242619,2.3591856177366344,1
8.761272737740908,0.4439017392576623,-1.9092638998944904,275819,1.2651364692181135,1
-3.341908306779179,-1.1485184164605904,0.1789254370852022,1340096,-2.6021432130937017,1
0.2919177858593466,2.2361537119980954,0.2388015528160305,4118977,2.070870196650416,1
2.8993359782096313,0.9278205858738722,0.4047505894169724,114854,0.5264332622637156,1
2.818688000988239,0.7325877200417775,-1.4279658815505076,3399132,1.5538358543091877,1
-4.361186501004154,-2.127623374144824,-0.3890092799630875,365897,-1.7381582042775432,1
-0.3358210126452768,-0.6200343485753523,-1.2184578145968823,698771,-1.571061778504521,1
1.424607378432673,3.2621128333006744,1.9690614834912576,2569492,-0.2661463024846293,0
-5.898958296295864,-1.3662213327077215,0.54743920361829,1872854,-1.0404934810462323,0
-9.664142152616698,1.4924593239499542,1.6746057498766755,115899,1.0699576822680794,0
-2.921046177593034,-1.0467577669114334,-0.1758473617980605,1262341,0.134375187082588,0
-10.285595070882703,-2.2408013068544954,-0.1265774489447126,254273,0.5267728755220424,0
10.476881938268349,2.1041249912060365,-1.626275308275636,855719,0.0841841278002037,1
-3.93683241554329,3.051265027580146,1.924456546293996,211211,-1.0640126907704963,0
-5.550137169419982,3.1902921949543805,1.6166972043694552,564640,3.638629100576133,0
-3.677558350411012,0.6193876242935302,0.5866010868495042,2326369,-2.945660281679218,1
-5.192297323974689,-2.5696730427754333,0.5811627555730875,2765630,-2.005344226545742,0
-0.4703930927234043,0.8429159892523959,2.35834867003494,1614335,-1.8065001024340075,0
-2.3788642889207434,1.118578681356622,1.4594065665315403,1844295,0.4839724957632717,0
-2.1347555586190166,1.682413973513194,1.583823021569131,1851083,-0.4091939412417653,0
-4.062633788704239,-1.5331462823922342,0.3925503143999852,1780202,-1.0751557315924851,0
11.46332966177698,2.459941621427426,-0.9973100461876464,92018,1.2273943957466198,1
-5.267336952285812,-0.1560893686273917,0.0682488766757406,48021,1.8142480444736615,0
2.861097176368915,0.066651560836813,-1.5471490733848206,2145674,0.3074661828696833,1
-5.797695519252021,-1.3682692356029365,0.1191572326084307,1650153,-0.6921645825876122,1
0.5449450779004129,2.917222338591809,3.389002576374612,2227473,-0.5351436906524163,1
-4.837970642007768,1.0100883220176418,3.1178554782654047,1674395,-4.200337807107877,1
7.405755201192171,0.6115663836280051,-1.6242785350635192,530047,0.3932123517349895,1
-1.1891548411239818,2.565090334574488,0.5956972470390075,15637,3.862396640041151,0
-5.186553343566518,-1.5374563105565524,1.6302828963960958,1186603,-1.414597862438399,1
-14.120894150622519,-1.948273401476091,0.4210774845309104,802923,0.754079219971092,0
-7.12418764013546,0.7973279384479379,1.8259246911559757,1423232,-2.651983934354299,0
-0.6403323718020446,3.01817218088581,2.081496807374506,2289595,0.6305945364205184,0
-0.8200575326427614,4.585538599496722,2.6712774066136227,401280,-0.704393778210132,0
-0.9146029552724343,0.5205778989427519,0.4787422364002658,1739989,0.4730153168196166,0
-7.0882508719107875,-1.867118786608314,0.7635377419018796,881057,-0.4088287603093063,1
2.297717419160998,0.9148864839185888,-0.6563487589109184,2226483,2.064237786190203,1
0.9959476288343253,1.0632483448104373,2.1454610039051003,1894321,-1.2508536745729186,0
-4.897121766503909,0.984631426753773,1.5822842784072135,1420510,0.2885643674784108,0
-8.31421833120375,-2.323085685888933,-0.1761004258203309,1100632,-0.2006440139897727,1
-0.38955911634062607,0.6438028635444699,-0.0510172580784366,1242854,0.2225997731075218,1
-4.657253213849654,-1.6800484168467564,-0.0727891655955876,985072,-1.9414834776430356,1
-0.10697462180306389,-2.5465220491671388,-3.3243534872309484,350607,-0.1882336469048454,1
-10.54149542893723,-1.0257854483804796,-0.2435026290194071,3808919,2.3319054327444024,1
-1.740060780640835,5.806741502373486,2.932285707460853,404188,3.7617848195742103,0
-4.807887336823326,-0.0529120281699538,-0.3589187373144182,2771815,1.330176855335401,1
-6.521481165816161,-1.3737956309996036,0.4852110844745277,1809039,-1.5678412513306514,0
-6.621378605403448,-0.5652686530095838,0.2827921479988035,671981,-1.062455965914893,0
-3.152642354098508,1.6893296307963577,4.22299801625391,38748,-1.0831805196838296,1
-8.46029222219602,-7.298062797917486,-1.6551086399735566,2924345,-1.8913258304500693,0
-1.9297169216004244,-1.285290596175112,0.9932394716219272,1843937,-1.26985267778009,0
-9.874439880391678,-3.360206066562263,-1.4485839847688378,644085,-0.7123430908911477,1
-6.85896564302477,-0.7776379965245779,0.2342863001719763,376325,1.5656996659946216,0
-5.845892187407995,-1.5655507201377996,1.0077536457255192,744120,-0.1660458019611294,1
-1.9204340425741115,0.8489353617933257,3.1512472321513645,463823,2.6154876178571573,1
-3.463889183533266,2.2287463207609512,0.743525887901626,365934,3.0713699860050805,0
0.26810633747692875,1.0493561742160018,0.7622029887998376,819784,3.4542214237982085,1
-6.412995067228919,0.4443713987835698,2.568938249485309,2067969,-0.3387379527319648,1
-2.0439853109544734,2.593711941209421,2.0784877016809937,20913,-1.086685123636585,0
-2.9924170238650807,2.223346993241048,1.5419476641095584,82795,-0.7303110095249632,0
-2.4748148474949994,-0.1701403273644409,0.9149596468332604,1641399,-2.259527526140401,1
-10.611828400368235,-2.19223011625726,0.1123376057472042,120802,0.0551836498294436,0
2.0661219317815838,3.4357672405744903,3.25878126893375,2358042,-4.466020310266901,1
5.571309013898033,0.1474619761814197,-1.8373895250080496,574096,0.6325819027978814,1
-3.732440861206149,-0.1767535149960172,-0.533156776627245,251293,0.4250123564130544,1
-3.7414677873879802,-0.6806887925665166,-0.5642239243730112,1921116,2.533225330154729,1
-9.888630925088966,-1.121578860576626,1.0015771416945414,643386,-0.4408377404665287,0
-2.9961998387162967,2.609025673239762,0.8994051238369948,199550,2.7093463432598086,0
-5.1048256789996715,0.6999650556705661,0.9131815379584404,869063,0.6815178699341004,0
10.639103696109174,2.0290523149357678,-1.4913823240157584,1434376,-0.1140931949987771,1
4.056049403443042,2.215148865979577,-0.3319535425413508,2787602,1.9880432927488751,1
16.16627826506,2.773056758651633,-2.052088145023712,527932,0.9162764812766022,1
0.0038170965271827604,3.2107961026064022,1.743455276368338,1546309,1.9939972108636663,0
7.7813966809827795,1.714769882878827,-1.6327881907576534,1188842,1.020135787063899,1
13.44176726330883,2.237269107542342,-2.6350907722855386,1811678,-0.010848396145384,1
-13.012021784274811,-0.7755855239031652,0.836588183575639,952977,1.9164841997088389,0
-8.50137051270434,-2.4836612876310213,0.8440051601095524,232382,-1.11040576224166,1
8.270548765908739,1.1668005208173884,-1.483385140859855,1106103,0.9676833475121508,1
2.6336123255667494,4.492016378331444,1.32136997904231,935066,2.901847035400203,0
-0.5920968902344003,0.7304607383605863,0.7272961308547299,78424,0.2438474535991333,0
-6.395244881483377,0.5856745245425465,1.5427687765652558,1366613,-0.2650822723081325,0
-9.666876736137784,-4.505756465694818,-1.535738475979986,1896012,-0.8907251350172432,0
-2.3078040764369434,1.2214767216294098,2.034543800006148,1736338,-1.7142926623275851,1
-6.6201322002187855,0.2195199850972788,1.7927237668845488,1857860,1.809069865059208,1
3.0317662612327188,0.2225405971100242,-1.032250135782398,32302,2.025921662340065,1
1.075543611495918,2.481166881422939,2.7213307917663307,1322264,-1.2113398293645146,1
1.0713616578113556,3.1726828763277943,3.612972295677438,1204213,0.5349378321645544,1
3.3718814902225867,2.037290625977197,-0.2700184882806202,1095462,1.4601850229246724,1
10.275749627866743,2.639375419294866,-0.8085954313809688,2725050,1.3931062069762317,1
7.843710082095347,0.8428160397313186,-1.994761807821552,430194,0.8229875272059748,1
-2.4230815360024507,1.1598917034699228,-0.0151343333169853,2580644,3.9429694517077873,1
-2.9408446114695064,0.9786988642167496,1.3547210242043546,2283642,0.7841613207894067,1
6.036142312169064,5.43888995480124,2.5619426496345867,3084036,1.132372076907315,0
-3.1030968731612583,0.7353561497883196,-0.053693480815257,4726356,2.914162153924885,1
1.2842058127721523,2.337235409809583,1.468520514448758,2148308,1.0041737246043558,0
7.484291687443105,2.214093823211745,-0.8845706639432802,1417455,0.4030701227719699,1
-1.3929224516327885,1.3329045714670067,0.4925177447492881,516312,2.1654263330023067,1
-5.650337414450429,-0.0555990678383757,1.670451327271679,1901750,-2.428727073277604,0
-1.7821946231425527,0.8182041470868915,-0.4135009186528287,1727100,1.3085304134603704,1
1.2966392521328305,0.1682994013367867,-1.0516611439614054,2570354,1.845072882493299,1
-8.627080751591858,-3.5109058218078637,-0.604879973156321,381119,-0.9555298851740196,1
2.12494843799583,0.0775332223464711,2.295746448281566,2777036,-1.4670959344822156,0
-6.382083362981025,-0.3665119050955655,-0.0683724021961027,1084603,-0.3389071513652639,0
-8.566264139818935,-1.964033604688234,-0.5883549587603518,678876,-0.9141787320159016,0
3.7667988356134288,1.8920759300477896,-0.66079621228908,201815,0.8395868232075672,1
-3.8159236604245694,2.171381213474247,1.7364896835233152,473468,-1.0348859923804403,0
-5.611326117157736,-0.1690307430280272,1.0870125795761507,2744238,-1.6525684113468844,1
-12.859532737877654,-3.857867822197266,0.2544692576521311,584068,-1.3098362155684553,0
-2.733275511667092,2.05821757485583,1.453854016503123,3158625,0.1951468580104318,1
-3.968678739487655,-1.70489209336621,0.5850884950795833,443656,-0.6393919748395211,1
5.295889063425584,1.0383192483055266,-1.6045114764550363,218843,0.1771282363766955,1
0.9716250308806225,1.379721189536142,2.7091464668412164,1053890,0.7029560905974002,1
0.0352889267258808,0.1964614636907304,1.9778110773830824,465676,-1.9025443517898109,1
-3.8573954904736385,1.057112438857597,1.581536115181055,1577190,0.4748418362847884,0
-4.519069627353349,0.7734693895867517,2.154242752718922,918560,0.878409907798374,1
1.8507194903339153,3.1976986932229328,1.462913094566622,2025960,1.2813268221039862,0
6.401349509403769,1.1759892681428152,-1.7545837153968464,1061749,0.292654043278499,1
-5.598121417986926,-0.565031059730558,0.0086147472453057,3054564,-0.2995937938476326,1
-7.082234889220864,0.3663772115007505,0.7994427786333415,135684,1.3373885942478216,0
-1.9194963415501605,0.0494568010493932,1.950686161495277,155700,-0.8925763365425853,1
-3.729001055706907,3.643523442208272,3.0483637203509377,306044,-2.363780086048864,0
-3.0899094503770708,-0.2006744949959381,0.1202421382234372,1297463,-0.9345640688715752,1
-5.803599477474436,-1.5571007600105873,0.7579030767944004,2047661,-2.092992841786753,0
1.1968392949047169,2.270924287400998,1.8597634191322177,193868,-0.456811570951337,0
0.0357128146785906,2.04404342603278,1.4977112739775722,156816,-0.1711056269170539,0
-6.267638842614954,-2.304853615040836,0.0280710710425413,1185049,0.1418898417869423,1
-2.084407271365831,-1.7792541191514013,1.0821912630153103,3565604,-1.551846799247578,0
-8.432967374672078,-2.092708173978393,-0.5661089437152733,516203,0.8787083000404354,0
-4.414106898876025,-2.185610482090612,-0.5715977761359374,591247,-3.2083842651347005,1
13.264271840431432,1.7697446038026428,-2.05138205477735,790164,0.291172965018454,1
-7.353050061525682,0.2685789781725413,0.506264624929445,904965,2.882276367808334,0
15.248765473589607,3.194321766576853,-1.5149371475823925,1532041,1.0582200969144029,1
9.092789411715836,1.381178759316238,-1.4746445404513584,3649620,0.7306957924435036,1
13.082955444335562,2.2081039800657374,-2.418721380506808,178292,-0.3167860152171526,1
3.007847901605907,4.396406842585841,1.990444710086785,1792261,2.5826734462362206,0
-2.2424188513553687,0.7460222413810934,1.4369233702687607,1745310,-1.780458807825742,1
3.7095391547111443,0.0170940482275201,-1.3515544406648314,983032,1.1906875448838652,1
-1.550868033322588,-0.3077483868171693,-0.5845751004393276,1668638,-1.465811885435257,1
-3.931143176107486,3.4451190128725417,1.7619240263519984,796335,-0.6163388420055818,0
-4.901129959406469,-0.037659047565837,0.018181245418372,1589582,1.9859394531382328,1
-0.9110056922929469,1.3666599456914597,2.046438363878873,2278242,-1.3868236848856377,0
4.737267689392031,0.3457644152626503,-1.667404680899874,655141,0.8955356458976674,1
-2.5022092369304474,0.1873883621841364,2.3601895508407145,680626,-5.814203319975748,1
11.137542230094546,2.5973564209925817,-1.819094582992716,1949243,1.0773249133428218,1
-5.227323744485687,-2.4956245313041263,-0.1940416971459071,2324694,-0.8923254026906451,0
-5.872395615555628,-1.0433257830505354,0.3391026363162002,2037268,-1.0278373475838594,0
-8.250949474458446,-3.658479172579593,-0.9634681766795274,2228571,-0.9631024144396388,0
-4.473559979614808,1.3498672912592986,1.957230138523972,1801099,-1.827840559246357,0
-6.42356805825718,-1.9313319088075809,0.0116867161106719,1443268,-1.1035116299832055,0
-2.064083923138305,-0.336154612610467,-0.6085145844753888,1154306,0.2002594631182677,1
-6.711540365130687,-1.1136512296786032,-0.256571359786252,228588,1.6255595575249129,0
-8.456610311053018,0.6793293759149478,1.6226675414718734,839759,-1.0827220706922982,0
5.629795641424197,2.7867458447601017,-0.3007789404314168,1690830,2.5424566634759675,1
1.986040227069053,0.683950524496235,-1.4625143024339926,657103,0.2218240362547801,1
-5.37988219517273,-0.9147099635610612,-0.4547411172238922,249776,0.0220840389235914,0
-3.0839509150979656,2.3243679935133734,0.8997202947369102,360141,0.0632426942503052,0
-6.4899802008337355,-3.622346159277813,-1.35532819056482,766427,-0.1638178434118063,1
-9.009905929199304,-1.0233653844289226,1.073833732405147,2383664,1.2544270776875672,1
-6.52846554754815,-5.141467477224638,-1.0393768948199045,4269815,-1.2462718979022902,0
2.2570746348281667,2.843519332783349,2.149753736291262,3170217,-0.5092911985027784,0
-4.232653439101844,-1.2854472871334512,1.0466669754004565,2075796,-1.929980674872489,0
-10.003219713927418,-0.9061362599462102,1.7253451120229004,2575355,0.5429686916015803,1
6.468021225500328,1.0040268851241458,-1.3110505755007418,118773,0.8347325501823566,1
-3.020648516967644,-0.5073767533488049,0.8833308112141813,1061458,-1.0445064938425996,0
-4.640211416896434,-0.2882722992104703,0.2513626583219284,1750896,0.7322903293235783,1
2.5000687525504897,0.9774423117820324,-1.137050344353618,1387629,1.8806466104433253,1
-7.866041236706772,-2.962050201167851,-1.475551802704561,1494891,-0.7137201727101127,1
-8.250376442331067,-3.453225750563608,-0.7455157439982047,1088484,-0.6028969200222147,1
10.9116605083263,1.1583691668407097,-2.411175604907432,748724,0.2680075868274266,1
-5.405828431669765,-0.4963805330988108,0.7261026756779492,1014242,0.5481327278519097,0
-6.2894863976848265,0.0915921839341499,0.6842335959592412,556762,1.2056496034128474,0
-1.9707859581805818,2.111054124497215,0.6085240157070144,87456,2.5868706924762703,0
-0.33394947179752477,2.1424721491612173,1.0594612223999595,2076057,1.016262398983637,1
-0.9070151222376123,0.81830417726367,0.7039725966822592,788935,0.0870706740648366,0
3.8506378501621055,4.407573121760663,2.105727951559035,2209183,1.8847560203767264,0
-3.424784822128057,2.3284178565019378,2.626269544255988,611357,-2.2508597846277265,0
-0.5551980686832331,4.789202069161587,2.7537474524154977,310940,-0.6928318548819552,0
1.9613390991576596,1.1040144752673962,0.1264020750496698,1466723,1.683482856866525,0
-3.053371050188505,1.0625379392335483,1.1261596179816873,3643743,-2.361815364641481,1
-3.286935675060932,2.942108673481524,1.2516003196940533,20110,2.552629065236118,0
20.468496058425302,3.714666607954963,-2.5497309787256137,752874,0.6299395020881096,1
0.1509220197450533,2.5199037571216327,1.159451228454172,393754,0.5616615320742417,0
-2.516777431341926,-1.356011505319605,-1.556245528719102,1436541,-1.1240329891396064,1
-5.46160833077544,3.005053296787126,0.9824088981528653,1253583,4.493121549153288,0
5.352246724744274,2.3796498086389173,-0.4845575020745587,4074316,2.6314821031815194,1
-4.107063666376991,-0.8182527795990621,2.190453565241868,142694,-3.270327342969774,1
-4.3718525880015635,-1.0371539099722302,0.4826829287033769,1308691,-1.181751988527491,0
-9.890177915443072,-1.2485372245028148,0.4294077986802055,261756,0.1662193308591647,0
-3.3639087794305405,-2.912111762648133,-0.7593627059340637,435077,-1.32297596251203,1
-13.17381370825792,-0.7579229329082978,0.9206002444405452,797573,0.7844964343771654,0
12.00123513951691,1.2747593452686286,-1.8582914883450463,2863938,-0.5735209740244387,1
5.326964399077043,0.9544536581575228,-0.6559421755622119,458212,1.997728469977879,1
12.384505099951769,2.7818007330830365,-1.0501758229293734,256110,1.6477668223742383,1
2.6508449665401623,2.2124486757261352,2.2335775222307523,247407,0.5014255657368938,1
-1.9499164964972935,-0.0904633995206802,0.4329719769909107,488464,-0.1409612676289288,0
-4.217384779576373,-0.610044398296931,-0.3396770375840947,1002883,1.586893826364281,1
1.4921488989638423,4.529797849646439,2.0232005708771146,912463,3.747259697874647,0
3.727048663434531,1.2423228642083013,-1.478793670192821,122597,0.4491521497498757,1
-6.323194521537716,-2.326063955495674,-0.8720843668418503,1095219,-0.5252458241392609,1
11.015464942321303,2.1969095833182544,-1.440799582601403,612214,1.7409103877686416,1
-5.534937379556702,-1.044200621768173,0.3957066592382164,365161,-3.733402698432432,1
-0.1640519170959035,1.996256316743213,0.9662438178462056,973363,1.887201895189812,0
-1.653804063174639,-0.8041523684517947,-1.331503853117465,998352,1.0057183856114025,1
-5.381534184282353,0.3014056422692204,2.477000143270169,1093357,-0.1153840133441144,1
7.562314876444376,1.2395003395057294,-1.4982058225166297,762124,1.4408852486201114,1
3.078765811356496,1.0670770290156144,-1.2349250541016428,1974356,-0.0036845503881723,1
-1.9822377069528372,1.501678250409632,1.2462655048897977,499089,-0.5642494706981328,0
-4.098831586417423,0.1606573993267471,0.879694445391214,1523046,-0.3067035038620092,0
-4.925044224859159,1.9862582912668751,1.2882416089519393,459938,1.3811401423736411,0
-7.966566262001163,-0.7666231330207383,0.7978458657361711,682173,0.0345783220956718,0
-5.15867238445754,-1.7583656808710213,-0.948708165892554,91186,0.6766815986456355,1
-4.65039596384751,2.590534738828376,1.5596982652545708,864441,-0.9777134182212056,0
10.61917010736706,1.378644778784338,-2.200812270602925,1502676,0.8715472702756518,1
-2.5019784318937472,0.4713491278194589,1.081944408928898,2009221,-0.6353698274233974,0
-4.810049842446788,0.7434182696744508,0.8943986131608596,884495,1.103642107774989,0
10.420761042469149,2.133757009135658,-1.682733471127802,659813,0.0602106476120315,1
-0.9745466468481644,4.612442722073594,2.1936040759930706,1335696,-0.1865093991414721,0
-3.982930255672206,2.0372962674078643,1.6394648486739856,563241,-1.3039045895430137,0
0.27468251118478404,1.8410036195176267,1.378577055529724,218281,-0.0502741371331341,0
1.6919550913828756,4.502115970693216,4.898836483319127,1095351,2.487496327529011,1
-4.787259575051039,1.7011361525029307,1.1422361493403246,535443,-0.7286827425555873,0
1.5942665346576814,0.652744769602551,-0.4264948104697158,3440339,3.324635353857662,1
-1.3644403817052488,0.4846444984266166,1.7979799120220863,856856,-1.6484701053752184,0
-7.779431062873852,0.7075973694010173,0.2191272766238372,531942,-0.6995026344627469,0
0.48889178777046965,1.2956594352595436,0.1404637417424168,2208062,1.6606516796088855,1
-6.427843929244743,-1.3061188812324338,-0.3218080666812597,1079969,-0.3805073104261435,0
1.1585622334825292,5.636362051019515,4.124509826480077,593962,-1.8539858846419812,0
-2.0437959642209926,1.143459603862799,1.1086750659347713,1088862,1.83506392708774,0
3.097029455589847,3.864783707455744,2.4588772541465524,3274824,-0.3091912120323765,0
-13.382339769584414,-0.915236624393908,0.4763519775456764,2647018,0.5285558268099204,1
-0.8131839404776304,0.8524371223457106,0.7691603701881262,1578989,0.2004299685047039,0
-2.6968766768477193,0.9909983294662535,0.7216134471793485,278592,-0.1019268892461431,0
-4.282748100166169,0.2843241112390629,0.0110263006917816,16524,2.402183601336023,0
-3.5213533860781685,-2.7333307243757616,-0.6972665213140106,1138368,-1.2959445836080472,1
-3.7483098085450655,3.598274828602517,1.845518203514843,376229,3.3308818927708232,0
-4.003631146345629,0.5105580571430763,1.0046412739981718,916792,1.53706190542475,0
3.0141192001737327,1.616891132721614,-1.0711721845386633,1075853,0.6070395538864392,1
-2.9288983372326998,0.6122697979855583,2.9875284745612127,685085,0.4613623500782666,1
-5.18570374646407,-2.1522833352421853,-1.6538367983837985,2220558,-3.185585137315136,1
12.883857561375441,2.020911801866671,-2.042628780058642,2040895,0.5251558143750981,1
17.436104864809394,3.139721051998836,-2.460588711634629,1625505,-0.5221514165916048,1
-3.5232711669202867,0.2200542673574121,0.6553028642364012,714708,-0.5231771961227019,0
-5.794421837564625,-1.031083658989251,1.1847980512730063,1258341,-1.4255320138838388,1
5.254232307656379,3.3618115161915108,1.1186444485153544,1961199,2.4607277723311816,0
4.398311920836845,2.629843309158447,1.5379618401055757,3465895,-0.371020101446492,0
-4.665653894095212,0.3313646839621028,0.7852808574706898,2361698,-1.9917542991349309,1
-6.168518073738839,-1.8710728617871903,-0.4617820114176061,100785,1.077165927853782,0
-1.4633078290804242,0.6396661976584369,0.7339178836068245,1787966,-0.4839173817816422,0
-0.21064861138112315,4.406272258833131,1.738547306710735,2511560,0.3802798581027862,0
-4.680898843384706,1.2870216155597944,0.267829837147286,4575373,2.616582374259708,1
-5.627639016860793,-0.6809164447265442,1.0685694075738756,1184216,3.238871816455996,1
-12.08385464075965,-2.751993213548778,-0.3181523344799901,1201066,1.387248863103885,0
-6.33409888717359,1.8560771575350143,0.4390264049375203,776258,-0.0765946610086335,0
-3.097449066539699,-0.3540766092830722,0.2800651905780217,1467767,0.0721680800710771,0
-8.030936076145698,-7.184847526875649,-2.0989341578013514,2909447,-1.1291633859024548,0
-5.5291369643049455,3.3885232371357263,1.6412976314518954,942601,3.686216082797946,0
-0.9739227934540627,2.124647227016413,2.386090747783779,1517451,-2.0780445871486157,1
-1.5628532012433123,0.5895013490841823,2.1792112063561584,2316824,-1.837830736121516,0
-8.892299674204539,-0.7594514710033233,-0.4376162870289933,3627414,2.4404783471520317,1
5.20979268080307,0.8508012478877813,-1.2657106736429329,827687,1.3361427684653422,1
-7.887003115754498,-4.705928560369819,-1.0939995754237717,2357214,-1.345627686635706,0
-9.178195344093595,-0.403326714450862,0.3177620093288716,684950,2.2152533852074106,0
-0.7854554425151913,-0.0320959713236112,0.1670464275186878,1741568,-0.5859646814710691,0
0.14645312554637124,0.2578326767454361,-0.4082409658903485,1251330,-0.0619986328377526,1
-5.363199591562623,-0.4562288074691395,0.8939649044858899,1492081,1.0126671952545716,1
-2.4679751470921913,-0.453514967001036,0.3036465324218224,535367,-0.1894357433650489,0
-1.6148953266150294,2.643097260762553,2.864968574549792,49520,-2.139859712678821,0
-4.4877744374611215,-2.185737834021852,0.4720607306567639,2990167,-1.337484298230089,0
-0.13124744424245233,1.8163983606887537,1.8299399923880453,2283316,0.8318121174672979,0
0.30845589812039415,-0.4005183394690014,-0.2504062853592015,317984,-0.4016256804543839,1
-10.360666773994858,-3.762778233907609,-0.961104621576355,1415648,-1.581581355758705,0
-2.208106460582919,0.0557329387704101,-0.317156950550263,3592271,1.3235225913765205,1
-4.4964632772825395,0.0813655926527634,1.187478875199615,1298338,-1.4144132169088064,0
15.059440659748507,1.198601307463533,-2.8886522956064526,2182563,-0.0112934150852428,1
11.920064110307388,7.456969913096969,2.7427040098521616,3636341,2.4744485305551294,0
-3.240991586139468,-1.154839825777498,0.4430273715158455,1196592,-0.8678162629140214,0
1.0768525795653558,2.028468215620963,1.687943728612875,3080553,-0.986728396132584,0
8.038098762857377,0.7171373753561066,-1.6658712398622726,2264875,1.1146155184885522,1
-1.26258175772965,1.402082181049064,0.9271847912157162,1638368,-0.1736689005056091,0
-0.26685783104501415,3.232597643320024,1.4793133924015334,1036714,3.398634358197825,0
2.997687808286152,5.586738400237328,4.446701929167777,989365,-1.8319026209688647,0
-10.238129267724503,-3.7492112131523863,-0.3352241819839763,869519,-0.9561225721497592,1
-2.6555057188073614,0.9415317186095424,1.311593767004679,1753862,0.3174812799431412,0
0.7120930135386331,1.5180860289974951,0.9841218668706274,165439,0.2557478930907024,0
-3.150209862165119,1.7152781017596823,2.9612647884179992,1290763,2.2136473945265127,1
-6.1193850245491825,-0.5275175349918441,0.5526892649517703,2486233,2.474081606059822,1
-0.00905976709576236,1.3751066577947506,-0.467626532597179,2800760,0.9773556179992952,1
-4.880377000676197,1.099825200509852,1.555376148385496,64322,-1.881706900668791,0
-5.962065156240122,-4.014040971824616,-3.8892841897956414,2118377,1.0965211265852872,1
4.482448787225762,1.1295371315870213,-1.3303540645333491,3466084,1.5035557223706943,1
-1.5107354773726505,1.3815549016668458,1.1845653367846385,3073509,-1.1747247151295903,1
13.449550640757723,2.24929752762976,-2.1386075415226777,270988,0.5546100036581391,1
-5.485914074253051,-0.4315784715701405,2.1030554254622897,1611387,-1.2053985868534234,1
-8.673202268087515,-2.3716694041005426,0.3342760384863928,2672931,-2.2737587497851823,0
13.347765107584186,1.3807960018208534,-2.950068935288976,1758130,0.6988691428630983,1
-0.3999431341528704,1.432305846366376,0.1086176977134085,1511935,0.84028428916119,1
-1.1437924683225829,3.0334761115061126,1.757463970866057,1596490,1.224927988524658,0
-6.3235483232219405,0.2449339851721624,0.3860249594017709,144853,1.3274951766689436,0
-2.1263042699540455,1.439648989951989,3.223088983027604,1222753,-3.390671874627372,1
10.609113444487853,3.171909857036504,-0.8384805845399699,1215845,0.8966617265856465,1
3.843902035650821,1.2092130151545015,-1.1403689531426242,1765400,2.545322788574864,1
-7.261432899488244,-2.9082046725528983,0.4299478026090816,3473176,-2.3076900242147365,0
2.0276233557577634,0.419400761466126,-1.4035261794411165,1142733,-0.8105578286620165,1
-2.7454160669537284,1.8079888261843056,1.0824585340491133,933760,-0.1259288232273278,0
15.207527457608453,1.4643622795411009,-2.3227860402367684,811848,0.8120251109019738,1
-3.7443682902533526,0.0509617612516882,0.4914945821707596,988019,-0.3519025205616429,0
-4.4593016554654685,-1.9205612956208955,0.7226450204224446,2279928,-1.7454331391535525,0
-4.5287682864219505,-2.479785319369008,-0.6074092114806895,305531,-2.6634505371175825,1
-1.3970918138274249,4.501426107946309,1.7741676114670435,441974,3.670451819100538,0
-6.343280478946591,1.3885017546268146,1.1272779641332662,53326,2.0883039879065723,0
-3.35742007490263,1.453986396509294,1.2683553249334576,1032387,-0.7087022382043107,0
-3.7814003492101733,0.6337524974623658,1.269762578779595,1733099,-0.3387952894560977,0
6.673881987319221,0.8395649837953805,-2.1539304351272373,205474,-0.2943823982531444,1
2.8499631792876046,-0.2571278593305951,-1.6064797181664152,392120,0.5902030612871451,1
-7.360542730518056,-0.3129863312509969,0.9622142291715412,742971,0.0966367480202696,0
-7.91437988103004,-3.2418054177927007,0.1486408720623846,409816,-0.8747010208598163,1
0.06493305397119445,2.6267426338086954,3.472284929297353,1583522,-3.41875999355197,1
-3.5861029761714107,0.6314456311200536,1.6651378195823914,1401423,-1.228754765699981,1
0.00961257663508896,2.169402842767192,0.4534116863041111,645310,2.6417673186100776,0
-2.5006360883572007,-4.068798208066692,-2.8581874177867834,927193,-0.9032751945031094,1
-2.322026668053313,2.2833021276633114,4.586175383880743,629406,-3.8827572356686666,1
-4.489570484774329,-1.645139878979479,-0.9955786723813492,1332785,0.3642173746521897,1
-3.250935742737929,0.6793488089878392,0.3075308663556904,553739,1.2061264245467775,0
-8.629288550922212,-2.6221234470549466,-1.2383609736165109,1046640,-0.3262486694257431,0
1.9264958990077747,4.849988354709267,3.9494233021958873,1132713,-1.6932991884199746,0
-8.35905580191408,-3.8771190100450776,-1.277559251583186,941239,1.662147617873906,1
-6.515454719697059,-0.770828485847807,0.1332357447226508,47840,1.5667514390216626,0
-7.991506466299177,-1.101572438905839,0.953560344495734,3390892,-3.2233415891965875,1
-5.101870305474459,2.0869921154662205,1.473983505997571,151488,-1.0802089491131437,0
-6.357104287827411,0.0848180942007072,1.358686355203346,1083035,0.5396071422360644,0
-0.8352121517734911,1.579410965078493,1.1006809044757897,1705575,0.2521591535649627,0
-3.71550935363615,-1.971504888480507,-0.2361346752161102,86489,-0.5441310536181097,0
-7.417630819597234,-0.9920500633320468,0.0551142788699549,2094102,1.1893967414497566,1
1.969225003085318,0.633075304387566,-1.3727814137086156,916177,-0.3370120213068535,1
-8.144546586100756,-1.9020833474741117,-0.495851227168022,123086,0.4457921873039088,0
-9.541189290575693,-2.613435357422871,1.399716224935299,415484,-3.276583850542455,1
-6.680641399860566,-2.683306523966246,-0.7395240311375748,1477693,-0.6529585058279691,0
-3.6836428564765056,2.026637138539391,1.4832688539340015,878860,2.208717833909815,0
-1.0818444611054787,1.1547300905899365,1.023027649132663,1983557,-0.068729834990562,0
-5.937647408225397,0.2071351328711159,0.8719307179670532,641493,1.1930860004690689,0
-10.300283609740147,-2.6022635045312903,0.8825348325088016,1083905,0.5700341403650313,1
1.7362629971041599,2.1982228383062714,2.8023556061971986,2230464,-1.357300018991476,0
0.6626927397527536,-0.080278341371769,2.8664767232503405,3980239,-2.588919919284626,0
-4.662492119609994,-1.0473651793868122,0.0645543986764994,1098887,0.2564604746395027,0
-3.7252253811130953,-1.318011139710965,1.1115408327441003,26983,-1.7529680668695669,1
-0.5734423652277079,0.0908791269941307,-1.3417907876258068,58717,-0.8112101196297863,1
-4.352119027158879,-1.2962820863579905,-0.3667829070510262,273797,-0.0454390074967648,0
6.525079194451239,1.0789161618901733,-2.5234067186189435,210836,-0.1276456203669467,1
-0.6213896366659869,1.4396066091923507,1.49158574933812,1364231,-0.627067303252185,0
-1.0496240863782091,3.3451148645508946,1.45876398678589,1091626,0.2644015036694036,0
-2.724922469430493,2.848452763822974,2.264099646993018,190024,-1.4875779517435987,0
1.6911904837732534,2.074685137180628,2.161606262980002,681352,-0.6886250159244982,1
-3.115683562618372,1.4546693079716202,2.647180964813347,2054131,-2.455778269323932,0
-4.3614380084442175,1.1850664135037274,0.9719911813491038,773143,1.1280353382856616,0
-7.555067255345868,-2.804425225498569,0.281430369526078,3491572,-2.137341051351207,0
-1.9922569771772236,3.335929992013709,1.377042435741043,1144083,0.2748605273379318,0
-3.5865277430684457,0.2879786181338023,-0.1600394458405998,438662,0.4631074741011141,0
-8.048399590062903,-0.6741188515855767,0.7151073004019334,278384,1.0658279633802807,0
2.743580807181721,0.0038320982214289,-0.8900406542474754,1905661,2.279634602044201,1
0.4301854694105753,1.695186392970493,2.120048527808501,520488,-1.0696520661819455,1
-7.036439541288302,-2.133084723874336,0.3895333555437057,1399169,-0.5626113340696408,0
-5.26328309323268,-0.8291217816014428,-0.4732740885502402,2431121,-0.8122317152475984,1
-7.166338330989816,-1.2806041613316967,1.2482375718421368,2254702,-1.619572617255443,1
-6.0561448431543345,-1.2185528367253553,0.3552486979436183,809253,-1.3988737846090578,0
8.306488176891145,1.933821864287983,-1.8738223328458257,259463,-1.2424343146627763,1
11.546169796993347,2.0053335572775484,-1.75864786190292,678930,0.5733219852146988,1
-0.17939101675278635,1.1705834661193093,2.6975077363669016,325390,-1.1413588426508283,1
-3.91414364322149,-1.0482198587337386,0.6390675580447053,1882187,-1.142787844149319,0
-1.394631923253757,-0.2393804504152249,0.6579071339160147,770464,-1.3529430148983057,1
-9.769607397435465,-1.9826736624009895,0.4255814375474278,2192218,-0.2200533652395671,1
3.528510514834162,0.6305180703827912,-0.885823244311316,2120080,0.6404162788050309,1
-4.693464213573389,-1.783910055281726,0.3000263237435249,514098,-1.102169489525588,1
-5.053160766968749,-1.033562227497578,0.2417817071813369,1056475,0.4481283752092839,0
-2.521100323595195,1.5261710805881925,1.6737664630764435,2293492,-0.2363553794073252,0
-2.0039464646758973,1.6582966984860488,2.160116182899124,2439789,-1.8624433600484684,1
-4.283803063450765,-0.306213565910764,-0.0630931597768598,203696,-0.042198494842532,0
-0.824758179924055,2.621333169308393,1.1392741697508724,991812,1.2964981741412536,0
-1.7164024157327515,0.3008725534662577,-0.0624099988861017,998750,0.6841247581043151,0
-6.693028972433828,-1.1017059587937057,0.3364016642292075,1143503,-0.4940636711123061,0
-7.831846717484449,-0.6497545105243978,0.8248235987493124,735160,0.4292744388966727,0
-9.059935339166731,-0.1126261081701638,0.7401621154759128,4461494,1.81550927081476,1
3.528485900297519,0.8478043387774562,-1.2682377560256073,1460246,0.1694737560602449,1
-1.4491550234938886,2.029656836529937,1.7549045974655415,1833648,0.6604944881547495,0
-8.073825826490564,0.3304135883808161,1.4972937821446193,698689,0.2787939784820236,0
3.3386985548736567,-0.5255543185818621,-1.2040445032663345,840199,0.873062766213292,1
-2.225658241464442,1.8079910132545207,4.006825777341057,387926,-1.6204721640678827,1
-6.3720781070753265,-1.4028047076784818,0.8330195616144812,142644,-0.8811167174853289,1
-7.654105652540739,-2.3956528088024056,-1.398006739401441,2006472,-1.501424113400782,1
-5.550015045467374,-1.6520600513054369,-0.5559238229342107,1444210,-1.2172510324896526,1
-4.3700815099158055,-0.2491053255817047,0.9282184246280288,2029681,-1.2239540900269654,0
-7.860229550429127,-2.780600965885058,-2.079682463961015,2597987,-2.519302440753885,1
-9.578409043024886,-1.6245675482217776,0.3989245331035213,742051,-1.2426781977972494,0
-2.5052505847764577,-0.2852770988715805,-0.2158739408242445,458219,0.514863862264163,0
-4.3920769284091765,0.874177813098291,2.053620933629281,1500973,-2.3048317769027777,0
-5.691371569481677,-2.6253809347470534,-0.0691213455053245,999749,-1.697602319952844,1
5.8366569844649545,3.133677252352865,0.2907884560448397,947089,2.893170070524552,1
-3.0816469035894123,1.0366072438373062,0.9298051830594034,302942,-0.4737935254327907,0
-3.3606781604851523,-0.5432322931134147,0.400320869914034,1451967,0.3388244791597283,0
-11.408986786042707,-5.469361067808757,-2.6899799705688823,1083869,-0.3797995514159193,0
-2.773143827072578,-2.1085331524175164,-0.5425710004499162,1288856,2.1267321070024874,1
0.3310824676406814,0.034328331544936,-0.951686484207784,2797512,1.5390642826891177,1
-3.2135176673215806,0.5388809567586981,1.6679511957031927,1729373,-0.2181175111381517,1
-1.525698302739942,-0.2709084107097147,-0.2847127663414444,1912946,1.3485290878847065,1
0.8155343863430644,1.1519170303862405,1.510322792573514,477944,0.8060674176606353,1
9.61807326492174,2.271204092541597,-1.608398342544744,1207179,1.3392744153016911,1
-2.536094772637682,1.8217982970550024,0.8435686895765919,179526,0.1529933634433689,0
1.8613179021004935,0.7378026990669231,-1.2798293708168285,712652,-0.5605026477921244,0
-1.4704793001850374,2.5645070418668747,1.406678907092885,1108788,1.8161222488892483,0
-2.8130048602536815,1.7041023568422824,1.2541949599855913,997265,1.0974017952436166,0
-1.3563974421464642,-0.9975456708537972,0.3074578500040741,299870,-0.9338751812125968,1
5.630982568195029,0.6568381604451901,-1.3526167613680138,1173837,1.350407988347046,0
1.6447206454664773,4.5542201728442695,1.7003134618889535,903310,3.895818762647871,0
-7.984170778108513,0.5930910118525287,0.7416682771813654,779926,3.265436095683132,0
5.412600872076951,1.9668932054902424,-0.8469611213785596,946171,2.160166489420328,1
4.04350094876128,3.1750673101988043,1.5664812191575863,2757445,0.6297452064743996,0
-1.4995004719835319,1.0199494518519312,3.253912553092366,737213,-1.005515478600225,1
-6.213066989324805,-1.6202671862449791,0.1139521967857384,1137713,2.5637313664670867,1
6.991108341604076,1.7770116092418728,-0.9176431574444728,2094580,2.1127057981616044,1
-2.843456131444866,-0.6008778472037136,-0.1817309368610713,562155,0.2999888108613984,0
-1.997466790567503,-0.2389729363795157,0.9214696713634002,2586454,-0.5793691003590163,0
-10.89137625199875,-2.4913235703190195,0.1362679631480317,176426,0.4789190042572564,0
-1.308991401135499,0.9436568278356088,2.312431873528082,2727456,-1.8366135250604247,0
-1.4988768263966459,1.063456902360135,1.1227685838844652,1794745,0.8181767125645697,0
-2.023029031292816,0.324582679937875,0.96766443160105,1933426,-1.838787455349616,1
3.6934576582743923,1.0717319975867623,-0.964604793572232,2014872,1.259992382958432,1
-5.843007165330973,-2.016446895569813,0.1455734620580472,1623044,-1.4262210544408735,0
6.516161835002543,2.5898144965305323,-0.7166471415697239,2919984,4.031797953591704,1
10.284307381502627,1.6535593842709464,-1.1841395149014158,2277277,1.3711056283309182,1
-7.147079822000995,-0.6526952451474854,0.0692620924421481,3250797,-2.107460485734249,1
-0.2515375386885319,0.1385961621502643,-0.8823537611183315,1516779,1.576418466786199,1
-4.411571898394192,-0.3499251830396924,2.9420321462796486,18349,-4.211895363534621,1
-8.044370936551456,-1.1628179034162809,0.3520200279967711,426086,0.5425454392940539,0
-7.251211113240286,-0.2708179581314131,0.9335479325780174,573379,0.0062844107688002,0
5.491372957934034,0.3449714249272145,-1.513176412480151,969925,-0.588226586017295,1
-3.8056076883390975,-1.5699156025158951,0.7966498316147376,77130,-1.1609231554919832,1
0.5776544192313737,1.5967458253011713,0.8797116397283394,1621546,0.7745336218441126,0
1.8601826256964438,2.7475853094678464,0.723260200221526,1122298,2.2959958773315665,0
-1.608114552308713,1.4492443071785337,2.1516726894462925,806081,-1.562025811603556,0
13.187353504606762,1.565864297108476,-1.3339381887078243,1762663,1.0666170494777925,1
-2.019675628599753,0.5395107862158531,1.5800734776645255,1402274,-1.2456743463565187,1
-7.421302782994926,0.4156120873779816,1.451319677457698,834783,0.6623357520066988,0
-3.0009693890882043,1.8454830464611864,1.0983329401693125,4318161,1.0452955413438465,1
-4.570874558548159,-0.9716404146182004,-0.657820801629154,24579,0.3994583064444894,0
-2.5206643494280563,0.98840346014944,1.229905840997184,3203624,-4.080245984804993,1
-5.590758314158514,0.1556917248256683,1.738967377597135,1447875,-2.4134821444880945,0
4.390703292142268,1.857363893170543,-0.6820460282510249,1158858,0.7632345645455192,1
-2.2139882038156085,-0.6556430806889579,-0.7972896391377535,2936533,1.0572315256344058,1
-0.4511445192079646,-0.1971425285889811,-0.2489302182485312,1938605,0.9890356940709908,1
-5.951728358766893,2.193685187404339,1.3140063333191994,471471,-0.9429552276527002,0
4.095086317761032,-0.3350180103037724,-1.6453411215466238,438974,0.6930320787047781,1
-2.515542750865823,3.4889949010989243,1.713996259884473,440655,-0.2790906173297897,0
-3.8014164893061992,1.7459364285896897,1.386556366952114,869749,1.4238262185148105,0
-2.7818504567450373,1.5593625536223954,3.8648910689774416,1165543,-1.432565953939383,1
-4.4730179673432495,-0.4945137908081781,1.0906626495058085,821751,0.4555996155468265,1
-2.4639117273973503,2.228521868492721,-0.3647711499390479,3322383,1.368530633925281,1
-9.208197834116278,-2.9118981596230715,0.2026398639004532,586188,0.7975795118564992,1
-1.31561612709024,-0.3928836976255158,1.4381590913149442,1774672,-1.4228913086628705,0
3.4588142313848427,0.8618169883221191,-0.6228153225382734,167980,-0.4571063477821242,1
-1.7196136093565129,0.4508158914625,-0.1595718867816243,1300099,0.9067889663625875,1
-2.464936420263326,3.46310746014254,1.970616206590076,246248,-0.6254501386047584,0
-0.11865571588406557,-0.7707106334300973,-1.3796256539842424,201072,0.0647929107704536,1
-3.8634841987882127,-0.2396345991995827,0.1777219727368985,496618,1.6916757767040118,0
-3.2939604355810257,-0.8609092935157406,-0.4492937906203869,48063,0.4380600994316814,0
-1.4179441852040677,2.8909335491743664,1.3877869473132731,537816,3.044738156017705,0
2.84716756683783,1.4195150890495365,-0.614277771101948,1125100,1.1781238410530122,1
-4.60790286798361,-0.8499623170142069,-0.5863711882407299,4062525,1.0417254723542355,1
2.744798497114764,2.2590968426168963,0.5863236368813267,1080806,2.069994203327553,0
-5.806313847711965,-2.5548107884182,0.217627002686998,2012467,-1.6037630616881955,0
-3.8119203592459687,2.208786787757368,0.6234141905216661,910453,3.665126632910486,0
-5.751361505747771,0.2852766098092764,1.2543639525176866,786559,0.6341567787111223,0
-5.358914990486592,-1.265661650073054,0.2069735265607406,1136299,-2.5274409584956503,1
-1.5074646338571829,1.8800570827833547,2.208430074927759,641415,-1.5110475615001584,0
-6.256534477435588,-2.5990596423859613,-0.7269226123262249,50322,-4.187666826388419,1
-0.8779236251159764,3.236282013112257,2.4425950933974985,163449,-0.9157977073038414,0
-5.080796742328947,-0.0824695723415702,1.0859921453162202,2289203,-2.645477464171656,1
-6.7170647675319115,1.2527706123563966,2.883285085723325,1493213,0.2956474696753117,1
-4.872326474266513,0.4442738392271867,2.1307279297062407,1073155,-1.333459846517263,1
5.417328825180117,1.2910100545434342,-1.273265584541135,3048721,1.6237831386100825,1
-4.925941455705302,-0.0132418850737934,-0.5600354945765469,1071582,-0.4876484632886921,1
-7.753906287129025,-1.1651938487157814,-0.2102920993515822,1667368,0.9754908706365925,1
3.0939266276866766,0.1765916079539686,0.5356826049647877,1371698,0.1077470733989582,1
0.25096092952894955,3.772885390797222,4.16565570893219,1653123,-0.8424029152496918,1
-5.162535838250644,-2.2441217600674404,-1.3591250204440404,1273426,-2.8430779920316085,1
-0.6388779239363798,1.91720020508393,2.433890970059012,1724467,-1.4569492828612478,0
-4.825540417510712,-1.820609779895042,0.061826115818884,1165611,-0.1077122937223553,1
-10.705807250544622,-5.016827874800439,-1.815487663137322,2159454,-0.9520210357669638,0
-2.3088174610006766,-0.3592340543027862,0.3762637827183877,324624,-0.3307702476558098,0
-1.0534987295763012,0.606374018435834,1.233650314744858,1637025,-0.1629259310412507,1
-2.0175798098122213,-0.1490895635835126,1.0401754315516023,1428819,-1.3292380167980018,1
-1.858889997700568,-0.2624006697227772,1.2328031215836908,3077316,-2.2494130277639077,0
-6.14825284420612,-0.460362926108096,1.7154987085932,1804135,-0.3230538829518241,1
2.082697924013605,-0.807420898705888,-0.1189183436405716,726625,-2.647665044803084,1
-5.0575697769022305,1.2432741032401966,1.9513453117455115,2480607,2.040476175227844,1
-4.236797218497467,0.272619001896302,0.6080921578734866,805161,1.0903889848788983,0
-0.10906501413273012,3.158451023836544,2.9488998758135736,637919,-1.635561063302677,0
-2.9300136392652596,-1.5213395585224496,0.1997184679468434,2322471,-1.7123588600776092,0
-6.7192126663816545,-1.0809413266108845,0.969324251581772,524350,-0.4010485872099136,1
19.5912672168617,2.9413269095532857,-2.499170318419065,1905628,0.8311490860052946,1
1.6606176029470918,1.4932509032275545,-0.8112988929381274,969280,0.8365763848262042,1
-4.789811290476724,-1.9707449245251665,-1.4066181039128454,1587584,1.4194336237247849,1
-4.759314394993385,2.475510626415528,1.7970891185621722,559638,1.773801115918713,0
-9.546448403644831,-3.2410968454390594,-0.3393960288540216,1769603,-2.054491123515468,0
-6.952107265943382,-1.220521692351236,0.2284004707204833,1488739,-1.1516905516413167,0
1.7034356450137431,3.406501576734811,1.803712522714792,2289993,0.582608915043678,0
-2.7552058924153005,-3.025866128377013,-1.2193123338818372,852661,-0.4523721420852508,1
-6.971936698060043,0.8016436602420592,2.85090129899102,2394748,-2.668257288037424,1
1.072694760705217,0.0007840895067529,-0.3160507821892757,2776613,2.1452415919459664,1
0.531388298103461,2.033641070005904,1.0865872003668495,1581517,0.654239234040743,0
1.9072954658291656,4.718310953348789,1.4194673650676708,1977943,1.4699889587871031,0
-4.023300962513768,-0.6442109600369509,-0.7954821983323379,2340897,-0.6050663092490577,1
-1.5941544837659953,0.3726294181390121,1.356426532760612,2127963,-0.8827420868177072,0
-1.5348211810284762,0.4657624632305598,0.1478882439166341,814646,1.8709151900802008,0
-4.597128838864028,-0.1262714176242119,2.530332659458413,626352,-0.6098995765684516,1
-7.467331268315653,-5.690478037765629,-0.3992891438725274,4661167,-2.5714853132205837,0
4.521384278893544,0.8936037150085179,-1.716944558493604,2476095,1.0341846097320706,1
-5.196025054615911,1.166510645838146,0.753402544242825,430819,-0.4782087324307843,0
1.8716399649701563,0.8366543383003586,-0.969957783806657,92720,-0.2326398454425065,1
7.506774779140249,1.3359889682781876,-1.7794425842694286,79692,1.6557555462248943,1
-13.036729468351014,-2.3965034411699677,0.0929814982580795,841879,0.1299744652932021,0
-2.280834623670134,1.1803641042343485,2.5483834522898805,859728,-0.2582968530859761,1
4.489936842447705,4.559819094519608,1.8190791385503176,1924188,2.8212828023060714,0
-4.828056140827293,-0.637830253586443,0.4663115279140899,1458169,-0.7294279652966749,0
0.00678619758205584,3.419218985795877,1.560386981133954,894553,2.93207015768872,0
-3.547427138544403,-0.3067632421146687,0.2178590205916009,1995680,1.614647879986482,1
4.909214455690317,3.9226797348632703,2.078357389666716,2883977,1.0983494754774863,0
1.2288415737056584,5.179551222159288,3.664469780087429,52931,-1.4948071499910491,0
-2.9067998521300424,0.8034958717402022,0.7116627911307981,378939,1.6647710079961922,0
-2.08894835422414,0.3778106563710515,2.59262099273732,132438,-1.2085412886278248,1
-7.323962927541456,-3.940106556061473,-1.0709768053400337,2811708,-0.7322991747148306,0
14.053963680950336,2.3024268866901934,-1.8790173450558665,157581,1.542763191749958,1
-9.34562148901769,-0.9540461963087888,0.7471998977020158,39061,0.2495023476507893,0
17.308994029476697,3.4049376068073447,-1.829943287517838,2160475,0.2397079784758845,1
9.415134973177334,2.4532819851356344,-1.0760488926713234,2360783,0.6429346142433855,1
-6.40814385563343,0.497850616514175,1.9421116285231783,1938932,1.8523727338448264,1
-0.9138861995562966,4.265312288193688,1.5856703011584825,9729,3.259494381884481,0
-0.676878948748799,0.8921651987117873,-0.4697907109425894,622860,1.206239656102443,1
-1.6250291035886262,0.8976288983340751,3.371799937769288,631703,-0.9624496360894316,1
-1.5800465471643548,1.182239247876782,3.7826705221533823,15871,-0.2752442335131111,1
-5.808247691419719,0.9456124869788968,1.1831213894987476,80170,2.7087110112411503,0
1.6840357196029532,4.3368053573592364,1.5426836840051352,514970,4.605668632162393,0
7.96375000940542,3.270685732015448,-0.4009500689919552,509846,1.3886998692481631,1
-5.7900307494453935,-1.247729037552953,1.1143917296175234,2046937,-1.4577891280952735,0
-3.7055335013206605,-0.9878750536960752,1.3867448130429576,48025,-2.0552393387728456,1
-1.7372577060956236,1.4004561937082174,0.7708423789283965,4298524,1.9099165794482973,1
-1.7905929801988545,0.6044954799710273,-0.0271068559854827,2463629,-2.4870264939050277,1
-8.05776092730224,-1.65535688454761,0.2460292503565818,1313218,-1.7590015055807346,0
-3.838981786351516,2.092418263902725,0.7340435982661841,71716,2.6255774701401924,0
-3.4713362083631667,-0.456321292321742,1.6664297398197214,445658,-1.9847143426129452,1
-7.402885327596245,-0.5316494372867582,0.374244429559825,479850,0.7045043476216724,0
-6.52443012172014,0.208401342082192,1.0344568045752385,1390417,-1.5818249800910986,0
5.84452807698178,1.0991506816082646,-1.4909959560224977,371967,-0.0670067434391825,1
-6.213413358953051,-0.6533161710928077,-0.5946020372848466,135836,0.1687381320391561,0
-1.1135983624511472,0.3340592002541339,2.109291375661824,543659,-4.08759756209966,1
4.4032356236012005,-0.3035802680729949,-2.464339593871255,1896377,-1.074467709363034,1
6.427051009148233,1.2355023709063722,-1.911700526909497,18687,1.8277647032624071,1
1.1576459878328138,6.0892028609296025,2.431752377494073,656450,4.585218205604704,0
-0.5453322163797902,0.53594837638757,1.0681122369771356,713464,-1.1916985577521737,1
-7.173095234076017,-0.81065731313861,-0.5659414567192025,151582,-0.184505271921524,0
-3.0594944640399135,-2.6111669995403592,-0.0881376253636301,2612313,-0.8002189814935528,0
3.6330320101999223,0.7424676366618044,-1.1676373919086172,611565,1.665085962271295,1
-8.239343786304927,-1.1357560960660464,2.831622334647663,566936,-3.3433738888473683,1
-5.749267345868885,-0.8634127783753601,-0.1229568943734016,192698,-0.5607235129670773,0
-2.0221226808348853,-0.6139611001736593,1.465365853683951,250329,-0.980123213593592,1
-5.934032594539505,-1.875102362893456,-0.9268621674240438,1831894,-2.692440752363937,1
-0.048833395197237,2.403804921531796,1.9450009403678927,2360461,0.2533417646881719,0
4.237128875709508,5.491769315024727,2.641161044816,2444434,2.327499041530197,0
2.7309221124742926,1.576635506813219,-0.7941962844277018,5066061,0.7696447910247073,1
-2.7146006768256914,-1.9281874407449373,0.8428024559392333,3290090,-1.4658620810309309,0
-8.98464015138458,-2.7940001914379886,-0.508812959908137,319315,-0.7092783560961042,0
-4.684512853098972,0.1472610890638447,-0.954451631601914,3069698,0.7482212987958332,1
-7.719170234323501,0.4830791916485693,-0.4518112407297183,2003507,0.458739559322203,1
1.2443151943891706,3.686535234337751,2.190484683140876,2447360,0.7046457296938383,0
2.498820712522367,0.5613727714557684,-0.7341789879371816,1328502,0.7286796832784743,1
13.176311963891795,2.250233411323018,-1.9182112065060863,2262526,0.998946572689949,1
-7.019703570139843,-1.3240929848451353,-0.9071040012194485,1434696,-0.9956516871896914,1
0.8887797379895116,1.9740915558890224,3.2321192941351766,613594,-4.008158725594599,1
0.36006272840754466,0.599985320818612,-0.6710837538334592,1670759,2.323274925376266,1
-9.253987333218777,-2.243844644611074,-0.7330919994535277,183017,-1.185023907974246,0
10.577096439493108,1.8424870841877796,-2.2914760132945107,2126920,-1.0885980894039156,1
1.5535483509965782,-0.5832427800797815,-1.2426719321312214,2427180,0.6725483106903194,1
-5.569453953299995,-1.1196991929958051,-1.3131979425412594,2832247,-0.6495012434657494,1
-6.365446401702964,1.7938868211112546,1.242495884462358,228884,2.6288244150551856,0
-5.957800901161716,-0.1321181330256932,0.7640751170946533,788675,-0.2225474721767326,0
-5.222906312242301,0.7435492756993923,0.5149412599004592,162492,2.438778749857573,0
-7.624277381729833,0.240511300394512,0.6970919389253376,45789,1.153123348854863,0
-2.76177321306173,-1.1302075474827011,-1.0724562857110214,309934,1.033219670726249,1
-4.574998314655076,-3.357227386229156,-0.4389988164638427,2425030,-0.7605010760102454,0
-2.7460544266587386,1.399966281120175,1.4063668082956495,1422355,0.928699851050647,0
-0.36280911845835645,-0.2105014225737779,-1.4192268945769038,132625,0.4288004478060863,1
-1.440167783900594,4.493674383298562,3.2271325208034454,466216,-1.7397656092952958,0
1.2620400679439063,0.8323037505976533,-1.035452051044748,1818182,1.60848255562791,1
-3.491908233399288,0.6538885316476762,0.7903744476996806,637016,1.0982192714487546,0
3.9678322128005368,1.5924910958633036,-0.746522800500725,719167,-0.1034075202292128,1
-0.14727119294190888,0.749442917528314,-1.433491905505332,1063179,-0.1346062645124235,1
-4.3930828207454296,1.7540040851778698,0.7291980671955864,606085,-0.1635032475831787,0
-3.8462535011746986,0.6749532296591614,2.526746574001219,770035,-3.729160692055976,1
-11.14815547416906,-1.0569423669352025,0.5055314865104172,4656437,1.1660583266411944,1
-2.044368361105842,-0.4760781200582829,0.8061986335317128,2663043,-1.265577171653201,0
-11.797359747191415,-3.9435928815467904,-1.517731676597934,2526057,-0.3937149675074715,1
-4.032605490533625,-3.3808464445092925,-1.2272963128927392,1337983,2.177020582194026,1
-4.217988812543111,-2.6975112762803226,-1.0484777914747188,1382655,0.3428863815308673,0
0.3120998687977115,0.8250646046501539,0.5507634152305034,1743801,0.3249839764518674,0
10.855962633855931,1.943655957734635,-1.6280918326127218,244073,0.2923447196341893,1
-6.778762033428378,-1.3083378570597983,0.0537232792598365,966668,-0.1502039886995663,0
-1.3654778255476958,0.1617697106374338,-0.8780269511908115,995411,0.1791631427310313,1
0.8810622133539966,2.8451575168647345,1.6359048253064152,1934905,0.2930855714752711,0
1.421103149009672,0.2467578009708878,-0.4449872655079065,649479,2.2021352366168725,1
4.595803683693828,1.0978659411202565,-1.2012402855242437,30640,0.3806656358264391,1
-7.825844154366522,-0.5180897420652818,0.725049940299656,646085,0.011864590216369,0
-4.511327426684217,-2.9339367629468978,-1.4666960687271215,543913,-1.470367465954093,1
-0.5145258425784718,1.863046805883917,2.3292009293863103,857987,0.250817183267551,1
-2.656912017917522,0.194191516151416,-0.5350881090344632,2044221,1.3335810104954269,1
-3.6715878659583763,0.1811280126471299,-0.4232990762347648,41311,0.7606750415890917,0
-4.846076423061786,1.1817656685595237,1.930720200105254,1408738,-2.007284102090644,0
-1.5404748209322534,1.043140151539148,0.517412710128533,1418370,1.1157995908878129,0
-2.7844264286189517,-0.3985772939438542,0.7233993368545463,1493584,0.291333843876561,0
-3.043546230653335,0.1858769284197942,1.0988194393097117,1501253,-1.1117189847807707,1
-4.3200069144736375,0.1400474025668438,1.483338049673722,954176,-1.8236148657824407,0
9.09879002217219,2.089470708952236,-2.350810088208005,176474,0.8123998121845231,1
-2.6878125816473672,2.0400184465533435,1.809899725008759,1707963,-0.0264324174412857,0
8.523037395289023,0.8744703964916676,-1.6695785923541206,52550,0.4974034922025061,1
-1.3338112501045836,1.3213232427224055,0.5663504347840895,1068027,1.8673334849986905,0
-1.79925913721585,1.965873659974719,1.4691829024529637,1672603,0.0249152412904006,0
2.753054885513572,3.573648565200652,2.96549324028849,1166479,0.2751292342963516,1
6.3859902939741815,1.1366044012477772,-1.5824143253861005,1265784,-0.8624781250675815,1
-3.0821559566567807,0.8943285889237048,-0.1609158276328147,1920037,1.4469494503759783,1
11.117241533663838,0.5613707988175495,-2.504227220411956,496722,-0.2350004025379541,1
-3.046072803283359,0.1227115555562929,2.276964452510016,3374997,-2.4123039501800694,0
-5.560077716194137,-3.23259109925218,-1.9166858604309525,334605,1.6800098297303503,1
-5.799613033823355,-3.276491135891652,0.1033333085215417,2319259,-2.005419273104965,0
-3.8373419663434682,0.9666029822466252,0.8223054544469554,469253,1.9460159031055904,0
-2.234968783930835,-0.9005416354064537,1.0810992451222208,1257074,-0.4893610546893494,1
-0.6173353821665625,1.1729518767851912,3.014550466680726,558601,-0.5976600722183667,1
-4.396777947198481,0.3708680283679309,0.991526137794754,1350647,0.2122131870306779,0
2.3260103180774463,0.5450753904517657,-0.3003987048244866,1418427,2.4355631754252824,1
-3.0810804582235245,-1.6792146750973271,-2.0520846560625494,2337167,-3.668565776785968,1
-0.5690891403210092,1.4919954810107472,1.2457266253876074,1785419,0.3034179698492062,0
-4.863195713772316,-0.0909378561375442,1.0160771652545917,1136305,-1.428043246129926,0
-10.047323932144725,-3.2039985670154527,-0.6752546694528245,1531629,-1.6233944999008094,0
-6.241153877745205,-0.1730478684390743,1.011337872742219,1215864,-1.683521125697516,0
-2.175042504311041,0.3260450494266888,1.6269557593537565,1751222,-1.4184782528131206,0
4.884748320589437,1.6354817484144173,-0.8343132276558657,2697156,1.2025429052173158,1
-0.6293353654504191,2.174200940071364,1.2309667897022307,1363653,1.397042713048661,0
-5.085533110637323,-2.7653203118633143,0.060934891410993,274817,-0.7912286795668122,1
-7.792353716110849,-2.4170659804077124,0.3449447444752409,15912,-0.3631241638797716,1
-0.1297182518639161,1.7821680431450984,2.317766007563935,314547,-1.430374976499643,0
-3.0778676236652327,0.9196058397497702,1.7973228659485283,1695507,-1.3781226226738317,1
-1.8787581948104457,1.831449072567877,5.20193952900707,725238,-2.804991007349414,1
-0.40529176480399354,0.0836770152894845,0.5621709016027079,2682997,-2.058938909969862,0
-5.266482666839459,-1.5485496095395652,-0.7133349224638976,1065974,-0.059357466592036,1
-9.288164547459937,-1.6014622029889374,0.7288756523157356,508212,0.1652066708645955,0
-4.388931613151976,4.616764212711117,2.372240542301273,1525666,-1.1744684624448298,0
1.4618409947352875,1.2913945395388613,0.7969634803521886,2387438,0.5214501678620717,0
-10.319280255137192,-4.834296764455469,-1.5360045515215792,1842547,-1.3591497895151492,0
0.17922313993323385,0.2951487747441724,-0.3996332149539299,1351116,-1.0327015491079825,1
-7.498113535100705,-0.8341780945311421,2.113936881045708,263596,-1.5182429678099356,1
-1.6297414462380402,-2.630723951198329,0.7440725031698383,3460546,-1.6078829987425094,0
2.9739247880395183,1.4617506922039103,1.4857217036255372,144711,-2.4555848194659418,1
-1.9367037207435072,2.1644676560038487,1.8717674012584644,1611774,0.8851906552586771,0
-2.042731854956403,1.6051926079832866,1.0985699648569085,1099727,0.3367994195128155,0
-0.274343927359599,1.2248194518210982,2.7759280937576047,629111,0.3118605090481263,1
-5.312686939397931,-1.2440071951002247,0.1107493983670389,390007,-1.0159760604173116,0
-1.1799594671923948,-0.1421024924773743,1.883915813480296,90412,-2.3734862178235296,1
0.9496094569302329,1.9845328205024844,0.955348587131582,1507572,1.8626615114681655,0
-2.879535149947065,0.7820329477104689,0.859118785440932,1186733,-0.4186557228571937,0
11.302789328451277,1.232725037907246,-1.7929103956959758,1427529,0.3757213462149327,1
3.4845239452059595,0.18843158321921,-2.26723675233704,14016,0.3231613253718791,1
7.652890527811276,0.2560877417333447,-2.961769431375548,884431,0.139040159979696,1
-2.656492829394977,0.9286491491301434,2.643938990543086,545329,-1.400315105109468,1
-3.60703850486554,-2.2048865392386423,0.6915361332418926,2243771,-1.7195318330724187,0
-4.903457800019792,0.8288243418823579,1.229364923733069,1016300,0.877294957544811,0
2.069147179276565,0.7476306737594005,-0.5144216465512514,2345637,0.4576023692710598,1
-4.403698701306481,-0.2779921674284367,0.3832816909032437,994890,-0.2237723548751999,1
-1.7542725074893941,2.428276884117948,1.08026968603295,485187,0.2460509065654748,0
-1.8537154226969705,0.3099153784426513,2.033958451046564,4107443,-3.3446498608804704,0
-7.253692154317466,-0.8413447216423842,2.04268900850214,295936,1.7150812466456364,1
-7.366213414857719,-1.0119732089551765,0.2628332894955116,943215,-1.3599187357959073,0
-6.1854500694501215,-0.59101748427942,-0.7501705262431949,18092,0.0718108951850142,1
-1.3485385110426544,-1.0033029220204557,1.596755409625469,1236845,-3.4714160598157497,1
-1.8240273799088425,2.4835304910195126,0.8474390771751712,276121,0.5967046855427622,0
-1.2395396456581536,1.2708208849445324,1.2653296493721922,1655139,-0.2318078024947606,0
-7.647162511375316,-4.305932316776332,0.2028932371317696,3804873,-2.755668871310504,0
-4.451320043941036,0.5034474421733258,1.6152517760332707,1653524,-1.891374699369599,0
-12.335188009322511,-1.3904980717741755,0.4259459594766892,484740,0.4348353920653043,0
-3.004120360377646,-0.8896905505884578,0.5054091636811604,205742,-0.8530722014779143,0
-3.6794828280564333,-1.307076897159221,1.1007116192733584,2333130,-1.6320885786260733,0
-1.3359540921945317,1.671759082176708,3.0211315338032816,2079409,-2.4724068695488945,0
-8.611125106001845,-0.6366320195332896,0.677303505707058,806700,-1.0228971398653668,0
12.397834789489433,1.9629588198240149,-2.129529354648016,1305084,1.2494409327208311,1
10.959000778428509,2.333153137216787,-2.0834076133377724,1022286,-0.8604468202185782,1
8.651194080306336,1.780553373359966,-1.7299159979682064,421261,0.435346064429129,1
-2.885831943165775,-1.9343704293824315,1.2280541659236763,3293399,-2.03321071238811,0
-2.621088904878942,0.851223201737088,0.4819049157316575,115144,0.192324711840137,0
6.6651441972417595,2.635599349316601,-1.0390506893965246,1055210,1.0272722562905103,1
1.2046656916454235,2.201077500418271,1.2210817713940472,1616092,1.375206668525697,0
1.938985757896881,0.7657577905596028,-0.5762783041762563,2801442,2.2095742498827677,1
-2.8675002696084047,2.728727148481284,0.8646458788450205,578701,3.3961104808462586,0
-1.5033230472718253,2.943107935804007,1.1376076223616365,548032,2.504969056768815,0
-4.83367303183875,-2.4181578594739186,0.8013899424593363,4039090,-1.933390612335021,0
-0.6947945402871175,3.983861726649166,6.036792892920811,1800943,-2.491864670613829,1
-1.2550854187675426,-0.3118984936900579,1.1640610907979372,2802420,-0.9855142531176192,0
-7.28574731534295,-4.6270323985448405,-0.7663842035698956,3436979,-1.4958791291092617,0
3.7329034076163286,1.121277753087243,-0.8331392407058348,87022,2.05535984021547,1
-7.526589900942326,-1.955407597788953,-0.325251429139979,2140411,-0.972022091585097,0
-8.914178834122746,-5.248666802601873,-1.8542418304699624,1958637,-0.6774183347262543,0
-1.4700011202897838,0.613566701455055,-0.2731156980037299,1275363,0.8465963500887727,1
-1.3686421674908948,0.9575899947557304,0.4535493849611108,57396,0.2996316599416084,0
-10.58566183018196,-1.3456843870458508,0.7282828100882328,187021,0.2235407906994176,0
-2.941153399915599,1.444959556436245,2.2656320678728505,1625285,-1.4957764854156506,1
-8.077926747490766,-1.840105890870553,0.8605202529861536,1600212,-2.173444928986077,0
-0.21584462908455612,-0.2250783963722221,-1.3820361737564646,582653,-0.4026057145127062,1
-1.1362633356226295,0.5335704025907763,-0.9637832694576428,2706922,0.2622119145384752,1
1.5534311466070156,1.562913577749029,-0.4560205458363732,3107747,2.286464233973553,1
0.09957939053717339,4.222610965576897,0.9152079888026828,2579122,1.567688075683774,0
1.8254712990216508,1.6740830024953273,3.469629080327986,1721630,-2.228962281526003,1
-7.244199597221875,-0.8797555848678618,1.263855337109859,1825212,-2.265564462360825,1
10.529816403607558,2.8787949829441,-0.922773237492592,879534,2.606758561439308,1
-2.1191080924151486,3.1488669121371142,2.7898534011182408,476138,-1.8615238566514885,0
-7.182240586261683,-2.004796912548471,-0.7525616858199187,179286,-0.6096296077539528,0
-0.02813884021262016,2.7832183758550326,0.9338073229117682,788245,2.322242753495058,0
-7.800190795568255,-0.9246990245805604,1.1366317126159855,2023266,-2.582407245822547,0
-6.267375049208971,-0.5486665526323057,1.0414324054322617,762659,1.0600746055173962,1
-7.853480251547244,-0.6681495371861561,0.502265942726043,25089,0.940302906908696,0
-4.039791434561646,-1.445724772012652,0.2401396397487601,694866,-3.9015705156914886,1
4.269223344015064,3.909576025829298,1.669454695286111,2438847,1.3795223458456416,0
-3.7385790286060314,0.323101735383229,0.3014367211066823,541839,1.697528902175395,0
-2.69305414066115,0.5840319863777512,0.2479522452778475,3531633,2.8188546789237803,1
-4.583688494060931,-0.2491315645659648,1.5139588515899944,816398,1.932263331627071,1
-4.766205144884374,-0.1216938334573765,1.489433264963779,1643840,-1.964715153114668,1
-1.6250113004156734,0.4171772712913515,0.7186811546593221,1497338,-0.0290201763602822,0
6.12170921345615,0.4345039947942506,-1.4028035626983155,1342111,0.4117161254663575,1
10.552837441879845,2.0627134620732908,-1.6806143303254744,1440285,1.0757590403159984,1
-3.734080985213439,0.3340477518322153,0.6640993863337421,1311147,-0.6239992325456577,0
-7.529547638824148,-0.3085534438802095,0.4447995636696917,3441303,-1.2695824710491617,1
11.025508688485933,1.6257814645084347,-1.8860852543014095,441488,-0.227107851654162,1
-6.3239591170258524,-1.3660431078890336,1.151122635298826,926882,-1.0537263859283574,1
1.2262441865590326,1.0162360736423397,-1.2891773153171942,863896,0.9396504326844408,1
-3.558419228948503,1.0205415500710493,1.2783154794387006,1542429,0.8053134166036262,0
-7.580193824825797,-0.5804667609849166,0.1321384346272029,3620487,0.8031492574813893,1
-3.5310694833552527,-0.8089186162243704,2.04189663592748,275560,-1.5064663797645996,1
12.008235946814738,2.033777984800815,-2.444409555400454,1127686,0.8214939970979033,1
-5.530143860905679,-2.6595201810415205,-0.5766034202284112,2160643,-0.5569813250265703,0
-2.500703487838142,0.791112296588139,-0.6791195565582213,1067727,1.6358585735140756,0
2.7372800105163946,1.4192871372385782,-0.791279040335533,1044048,0.83795574813281,1
-3.2379241254600974,0.9112957287011644,1.0073616801450245,1440137,0.45809908887899,0
-2.5293402777218787,-1.22025188685971,0.7620209256314929,2825445,-0.9463833619331212,0
-4.838871691007552,-0.3961672916638832,0.221137806844087,624927,0.3722247570621142,0
-5.741920524917713,-0.1917639663687909,0.5567041357426554,1343510,-0.989087551267476,0
-5.023901562942001,-0.9186645971412332,0.4889614249735838,1114348,-0.9000932844532231,1
-3.54858288502657,1.70181193464225,1.4561235949061029,1305212,0.6412254938848095,0
-7.326715867008326,-2.1108577355718734,0.5334039590114864,2197541,-2.2055523171667337,0
-8.144037812584198,-0.1342988536646751,1.3544855443446424,1262705,-0.8761902139157116,0
0.5093961586345876,1.7810883255824184,3.44048684777516,1107059,-2.9995177719720907,1
4.573346897465043,1.0269016156596724,-0.8377467283911968,988138,0.7107551001446129,1
1.4117382555709892,3.0413839843808006,3.645581432948805,2294066,-2.156769635175912,0
-7.430031508568103,-0.3529051971721095,0.9832518711048642,803933,0.4378538785518785,0
-3.265049456197479,-2.245303355068879,1.4808892609988509,3547053,-2.7047524516053274,0
-4.213794801679154,-0.8611038216898814,1.3975795876601929,2452913,-2.118252785505879,0
-3.9639250009346108,2.2334076211229115,2.964423094365757,2045591,-2.192124442759621,1
5.352410963097017,0.3599196912432074,-2.257702149999772,773107,-0.4936180408333641,1
-5.181325043814386,-1.4116881441968343,0.5878814622784991,977985,0.7877654040308582,0
5.611198996312444,0.4477540832138148,-1.5713924934133383,1764382,-0.8812000359271919,1
11.296685850958163,2.394079599379285,-1.9340879434496552,2245175,-0.3277655603467921,1
-4.221295159885213,2.8424560861214947,1.7640681093034782,160635,2.64352395343037,0
-8.033396592385927,-4.026231979367475,-0.5702027453213807,112611,-1.6520830490501992,1
-1.6302211959860278,-0.963658948502671,1.4359007612491976,1949473,-1.6392737763925609,0
-0.04528615932887832,3.23173333982367,1.5858564391681496,980425,3.009857474788436,0
-8.471258932013761,0.1607457918832174,0.1256060996685742,834064,2.5106588634435734,0
-3.107077986597677,-1.6114039572771977,-1.4067251655607214,750608,-0.0892850682566283,1
3.176556397612917,6.438453339276305,4.375753059473867,252947,-1.4334563483330305,0
-5.562533510533171,0.5152524042231472,1.0784085241602932,857397,0.5892600820793275,0
-3.6134995297555035,0.5025138393612816,0.5828175936461344,1047289,0.3068759535034835,0
0.8695004460024449,0.099762378467317,-1.0299482557753012,3351217,0.6754245497099505,1
-6.488635258182506,-2.430169400225453,0.1745079045440872,2441290,-1.626300176166939,0
-4.902769438903522,-1.801664550820804,-1.2222438202008452,1179732,-1.021757853680244,1
2.1737383552388603,0.7386156485566673,-1.6127508435089992,1060068,0.5280022261856208,1
-4.672754508775918,-3.030405827455798,-0.5581188792704792,1394331,-0.6396834337486793,0
3.9918884271996524,0.4169011306406009,-0.9934305501898776,1493154,-0.4591134811612747,1
-3.548023016029451,1.520339699594199,1.3310745969146205,719475,-0.84780432213055,0
0.2629675398866519,1.914929534973754,-0.2854691448315486,1512762,1.5378685680525694,1
-10.625733075040907,-1.9530421915078775,0.2042252047979208,136284,0.1635361643700459,0
-5.783204871973929,0.4525172541703,2.5009435836205443,1225602,-1.389880874577236,1
5.640519954168293,0.7835425498055419,-1.78095824877698,719569,0.3494552092648519,1
-9.429246096606605,-2.0307921066411483,0.2608730051070907,1754832,-0.618062885401986,1
-6.700955278125995,-0.4464553228528585,0.2580181681388162,3273147,-1.450538340170452,1
-1.1752748381642497,1.2761789493629592,1.5853860020857051,2674355,-0.6326435511816251,0
9.962479308243394,2.0817895116926017,-0.996700265430056,1167505,2.799853944816564,1
1.552946495057986,3.858428934394413,1.4804137530993806,424517,1.0795459186924925,0
-0.13693685350625784,1.97936548411072,0.6701662585346417,3309752,3.051645832641938,1
-4.209772310739904,-0.1871794878160587,0.0007743704354001,381453,1.472391887644657,0
-2.269097241744836,1.8821526137484703,1.4467274355462725,752409,-0.5945713546843272,0
3.308720874503763,1.6213583214265443,-0.8682361282409268,2469724,1.074910092311093,1
-6.194398164638081,-2.000903968041412,0.0483108312501777,1291788,-1.2586075846237663,0
-1.6400987748407017,0.4914941393952659,2.9101520222167903,426204,-1.7490795944164717,1
-4.968354025379419,-0.5070327593378738,0.2156616909465244,912136,-0.4553547670457054,0
-5.628208800216078,-0.1417672584425268,-0.2238317726242493,3329340,1.616659794243065,1
-3.6204149019255945,2.156207991983115,1.4322144083266215,738561,1.6027631672079858,0
-4.41702754275269,-0.0612233349314903,0.181763753723777,599175,-0.214430011720656,0
-4.90371312587912,-0.2203244527033468,0.1544157332960165,3956627,1.6912609378419532,1
-6.880693293873221,-1.0203456233306374,-0.4485585545274919,2317805,-0.5194194354011548,1
4.862870455870596,1.2799128619919864,-0.9834596192795352,687108,1.267910485077132,1
-4.471156389351322,0.2373988883256278,1.855546840913096,1507832,-0.9314298215745008,1
-2.71461452787648,0.1110458678538229,1.565136346120539,2343460,-1.6181337839521577,0
-3.1349123115132715,-0.7998176892580449,1.3750886068026222,598599,-1.318835405329959,1
-2.3965155624651815,-0.8866659641495169,0.480921789088339,2492097,-2.3762218628451506,0
16.786345927509835,2.924902520152932,-2.3460966916735484,459902,0.5953708103584596,1
6.517151346190844,0.8143256697127129,-1.2956423421126697,1368192,1.6807894059331168,1
1.3843248691686052,2.385270557453439,0.8727397418179893,1799913,1.257996640115291,0
-7.020303920661332,1.1287982139170476,1.2730848525771432,526746,1.3076754794886836,0
-0.7839049843287846,1.3486847748941035,3.223539189002278,203359,-1.0926519771006655,1
3.4171556513328767,1.8940327864011317,-0.8427632223603396,2053103,0.2630740689129911,1
-12.328424609437198,-0.7559065557393042,0.0164206209306694,3378997,0.2656595095364736,1
-3.0881444961808846,-1.0753920916023645,-0.6668606746404824,925381,-0.2418476924816772,1
7.353684677624607,5.608986586087451,1.3290249749373173,1435502,3.5160932363897133,0
-6.70837609142219,0.9124121399818872,2.830215068180987,2003976,-1.0972717091560842,1
-1.8179991228873231,-0.6698593119920501,0.36080208671417,164515,-0.3838353847391329,0
1.0256235396585394,6.103168413124475,3.425904382590788,1844128,-0.8553835276243584,0
-5.372781219437072,0.6757925664927603,1.0928419845921171,650005,0.9160403112940968,0
-6.96067856860452,-5.4225758863941405,-1.5170053076396703,3313204,-0.8389185273267034,0
-8.263584897516543,-3.5102826644892446,-1.069322656482845,1683343,-0.8251054024478316,0
-6.501232567373901,0.960755076409979,0.982893947846292,710053,-1.301168831788183,0
-0.8198780081378829,0.3443883965379629,1.421217723459922,83451,-3.7713551520275455,1
-7.266891643390441,0.1607169304261462,0.9889600431123724,921654,-1.8641831267804392,0
-1.4186947178749876,1.2195377447961524,-0.3061184229377588,2444791,1.883372807682763,1
10.774251059832842,1.102321683547116,-2.2958886113061205,164975,0.663061707112329,1
-5.0344172598527726,-2.450844599945128,-0.5335942072355437,317041,-1.620506525675752,1
-2.554201942734169,0.4338870206410578,-0.067558352509068,1972733,0.6323938936559756,1
-8.171155329866314,0.1961595945255139,1.8561362644578483,1444719,-0.1876869392754758,0
-2.8882565958647857,0.8105464971393299,1.68674030689008,2019826,0.4747298278255742,1
-4.660892238358233,-0.4031558166265155,1.454079965231046,1223209,-1.6570578294559222,1
-6.497071020215754,-3.436248139302943,-2.560818301936781,1879293,0.3905691542115348,1
-0.7772895129956364,1.3319458952226162,1.3503643681062825,2402114,-1.8476634641745016,1
-10.298727095085232,-0.8614844384136128,0.3913600141464624,4175219,1.308362094250413,1
-3.2782490502705373,0.2903566382179278,1.722564518855571,1410674,0.515286130243956,1
-4.305502269196902,4.170701895016236,2.251516520900766,1945979,-1.1696388014973038,0
-15.328923800458087,-2.792307323886668,-0.5488800499220152,1973811,1.8212718235371408,0
-7.039706071674459,-1.360879130576155,0.2586222630968973,2110852,-1.1996227372607813,0
-0.12849996119754853,0.4737212310869124,2.568234394101368,625038,-1.362334150613839,1
-7.122431563364356,1.6306870159790094,0.9939367258257712,846528,2.8567940046220768,0
-5.32358659977944,1.8668085955083251,1.5540902513977803,908796,-1.3546912512193392,0
-4.253151575480078,-1.7358395476060908,-0.1882423887185642,1194446,1.2068559456234582,1
-7.9742791958275605,-2.138092204543433,0.0345909921902042,1712493,-1.545223922480099,0
-4.454254840815094,0.1687129301142318,1.790978655989861,651839,1.8022918714761844,1
-8.410565299580169,-1.4758254208378787,0.5749054154326694,756753,-0.8533422403460444,0
-0.8910370604020392,2.3139941181120327,1.281030081121705,1450640,0.6200382869459058,0
-0.02059804760634504,-0.2075390995989441,-1.0041566590221855,1243416,1.15387648830111,1
-5.402415240633959,-0.128020838613634,1.6966317999957496,1282062,-0.3602254165391928,1
3.881349665158785,2.7064872482574795,1.4843383174499845,2750564,0.4325569488797298,0
-0.4767086505682419,2.063149880451909,0.6575928713679788,1136523,2.093578030739033,0
-4.033163482207831,1.502410906322505,1.074510805066391,1040816,0.5546654791959841,0
-3.876398554991505,-0.7129187525994852,0.2747757546398686,1288729,0.6855131657070057,0
-0.4530455947501549,0.6963351509968682,-0.3769086622802577,1719713,1.995753461650268,1
0.9348121805118289,4.341803764475767,5.943272189880148,115901,-2.267197277644861,1
-6.086451261283747,-0.604757937691567,-0.8047006924552893,464403,0.3434339136938111,0
-0.5578405062081895,1.2220726091649077,1.441010161267012,1167496,-0.53271421750404,0
-6.580159917861126,0.1134976002608789,2.319849012192126,1819677,-3.592840501255724,1
-5.925011923041073,-0.4229727028627827,1.286299599755555,1460276,-2.1270179816485992,0
-2.6965305316977424,1.4174093819388245,4.047182900418969,295726,-2.017678673651609,1
0.45088344845084266,-1.337590019393459,-0.3006378116889292,2253113,-0.3807428665427343,0
12.566848181799406,1.39668997748412,-2.1774177872904703,364890,0.343459525438584,1
-4.2758807793445595,-1.0923544716896052,0.6717991683675961,1628307,-1.00972351418883,0
11.16532716339973,2.5572413582668023,-0.7927229047986997,1471447,2.7024487933097943,1
-2.8207706554869296,-0.2268668906550574,0.8805311499649383,1271687,-0.7467750106143944,0
-4.868320153859369,-1.277915114331622,-0.3447430256806667,513755,-0.216414192715076,0
-3.68455333792213,-0.1584465256126161,0.1041016737450329,418828,1.095041243684764,0
-3.1952461599549253,-1.3973248810735257,-0.3966286295917063,449107,-2.049479758966008,1
0.7151058392576929,0.9984645943616548,3.462010822183149,536753,-5.185669473453512,1
3.489433908947604,4.5810364797933865,5.134251836353989,626127,-3.3918530995739165,1
-3.4067355905906354,2.7588192558045925,2.674560006542092,579571,-2.2408344028967244,0
6.487735557496007,1.877087588372481,-0.4985826952962847,1202188,3.3087152397534045,1
-3.2644775922276685,-0.271257014367283,1.0366268621902492,1788138,-1.7217291980259288,1
2.1300017447637525,2.896844948581939,1.4976151224245935,2070323,1.4645869727156522,0
1.6597915553504388,4.598270222764636,2.664648649438,2329580,1.5428899522278672,0
-6.0405709963560605,-4.247883408250018,-2.06660500335136,90099,-2.7499747150084364,1
-3.5048090023459113,-2.4211702250063256,-1.7069505531546576,1853686,-2.802447250810311,1
-2.3025326425118293,2.864361935910899,1.4048765952736866,626458,1.865673322686523,0
-11.536547552546484,-5.440821877256514,-3.71665994281269,2973595,-0.2698419586286151,1
-4.157500504292915,-0.0610920621558828,-0.1130810084624087,3725288,1.644886664619952,1
6.243115088210016,1.693529036010914,-0.5107943644863044,200561,1.720353110103796,1
-7.576263376967956,-3.008852009435948,-1.4492507765595883,1609789,0.0572341096486621,0
-1.7415332178012097,0.4493396161099456,0.9458819124888648,2070017,-0.3596838537092151,0
-0.5222656723719654,2.922000198910061,2.3540856344468644,2758992,0.1949770910409859,0
2.0701386774147372,2.6920440217422392,2.1514267706319794,1071950,-0.8485216547437118,1
1.557293221808662,1.1705510113610391,-1.3206587928278557,2192353,0.327039242554777,1
6.2120912465637455,1.1195425764449882,-0.7713671430011932,1762284,0.0158458073018837,1
-6.805877648920549,-0.9002910803204272,1.0685262298505822,1916838,-2.2820072603161137,0
-5.441294999373326,2.240237709432153,2.7933099830206047,3608380,0.4723104332949464,1
-0.2510952905549171,2.419671545173004,3.224910885661332,1508734,-0.2343454382461551,1
0.8723591830933161,0.2668964178734718,-0.8028650037576692,309411,1.3211787903562882,1
-6.109795892723896,-2.22524922120937,-0.585130674899969,906303,-0.5271617586493859,0
-4.062918667951327,3.505994455286452,2.4685926412778896,921729,-1.7216911554841738,0
-6.0974649088871145,0.3792277447806191,0.3638538781648206,1914748,1.1599263086195308,1
-8.417441739365,-0.7253023485653813,0.4054376842662164,4724045,2.3273064712506377,1
-4.5290186946379825,-2.0175323989244625,0.22732060927328,2298623,-1.168751958754966,0
-7.540279856073818,0.360407147986077,1.9059771257461529,3386237,-1.271841924705207,1
5.357007860459747,1.0370643538389712,-1.1138009322391436,1302189,1.5728672390223886,1
-5.579030242879011,-0.6920094670503247,1.621534380524864,920188,-1.9275461212834144,1
-5.668370986052851,-0.3271351072501834,0.9619067453292388,2142541,-1.544069678015313,0
-4.135476132294053,1.7146741700829349,1.051310981487338,17217,2.5604758494394817,0
-0.1331475429035074,0.8553624697905273,0.4266866594450899,1205792,1.4759637054970345,0
-6.244885732644358,1.0475490536898502,1.908527041350225,1772809,-2.370526290329797,0
4.821909616246719,4.015944251431394,1.2011659795358256,1767423,2.59890684035246,0
-0.6345400762467029,3.256697040884383,0.8097432712889504,1954418,1.0860999336871997,0
-5.484885018792544,-0.4446790819444261,0.8396186832771312,1059863,-0.1419654843760585,1
-3.1425572072294345,1.9305406531909732,1.1273829054107831,455173,-0.1723492800209466,0
-7.187316014445536,-0.4864155446799521,-0.0113361428313212,959042,-0.6972054560845302,0
3.2491306050585913,0.573621594051127,-0.9871648231766376,977165,-0.1105393912067285,1
9.947291683224222,1.8557340391987047,-1.2220254949704985,999817,0.1991581547299084,1
-0.21051490006922796,0.5224841198891506,-0.3703181559680423,1337412,0.9554967668069044,1
-4.243881707672651,-1.6459844368282344,0.0489629539863015,1073605,1.1423170759907175,1
-1.4596496254618845,0.8520156490683332,1.8414287333661776,1442444,-1.4303141546639608,0
-6.556535502962464,-1.776029816520564,-0.0198425818516694,758360,-0.8214955585579681,1
-5.969945872667044,2.2954001228294145,2.014766592428592,1454858,-1.7019692234642585,0
12.279408774874984,3.051154230559685,-1.3244925435148922,388600,1.0999847678195631,1
-3.3132616816737688,0.7119675587384382,1.2722741352657512,1236527,-0.9762973990360796,0
7.005983863055162,0.3742465738552475,-1.8999221983386043,1794827,0.8373958828221445,1
1.9402399485764301,2.970731905523586,4.3102002750538215,2594143,-2.9537270834735523,0
-1.9935518716476084,2.339890361818449,1.198034547165307,991475,1.6072726679591254,0
