,Date,Natural_Gas_Price,Natural_Gas_Vol.,Crude_oil_Price,Crude_oil_Vol.,Copper_Price,Copper_Vol.
0,2/2/2024,2.079,,72.28,,3.8215,
1,1/2/2024,2.05,161340,73.82,577940,3.8535,
2,31-01-2024,2.1,142860,75.85,344490,3.906,
3,30-01-2024,2.077,139750,77.82,347240,3.911,
4,29-01-2024,2.49,3590,76.78,331930,3.879,
5,26-01-2024,2.712,73020,78.01,365460,3.852,
6,25-01-2024,2.571,44980,77.36,320180,3.869,
7,24-01-2024,2.641,65500,75.09,323730,3.886,
8,23-01-2024,2.45,69160,74.37,306060,3.7935,
9,22-01-2024,2.419,121580,75.19,28910,3.7635,
10,19-01-2024,2.519,138430,73.41,78230,3.7865,
11,18-01-2024,2.697,151820,74.08,86650,3.745,
12,17-01-2024,2.87,150330,72.56,315680,3.733,
13,16-01-2024,2.9,228160,72.4,430440,3.7665,
14,12/1/2024,3.313,265880,72.68,403640,3.7405,
15,11/1/2024,3.097,235030,72.02,373650,3.7765,
16,10/1/2024,3.039,258010,71.37,352770,3.781,
17,9/1/2024,3.19,351780,72.24,363450,3.7585,
18,8/1/2024,2.98,237670,70.77,392250,3.81,
19,5/1/2024,2.893,187500,73.81,325530,3.806,
20,4/1/2024,2.821,206310,72.19,344470,3.844,
21,3/1/2024,2.668,166470,72.7,334860,3.8615,
22,2/1/2024,2.568,132450,70.38,330990,3.8805,
23,29-12-2023,2.514,89600,71.65,214490,3.8915,
24,28-12-2023,2.557,116060,71.77,262750,3.9245,
25,27-12-2023,2.619,3930,74.11,253320,3.956,
26,26-12-2023,2.55,50760,75.57,208720,3.902,38000
27,22-12-2023,2.61,42840,73.56,222600,3.905,54140
28,21-12-2023,2.572,84550,73.89,251980,3.9175,70080
29,20-12-2023,2.447,125260,74.22,273360,3.906,66320
30,19-12-2023,2.492,170440,73.44,25690,3.898,84950
31,18-12-2023,2.503,154300,72.47,73940,3.852,54990
32,15-12-2023,2.491,189240,71.43,95510,3.8905,73670
33,14-12-2023,2.392,159490,71.58,275690,3.8925,107540
34,13-12-2023,2.335,255190,69.47,307000,3.7875,62860
35,12/12/2023,2.311,223460,68.61,324530,3.7875,69520
36,11/12/2023,2.35,144300,71.32,274410,3.7805,66610
37,8/12/2023,2.504,88300,71.23,302250,3.8305,89400
38,7/12/2023,2.52,125250,69.34,339000,3.7975,78530
39,6/12/2023,2.517,82950,69.38,436800,3.7345,83430
40,5/12/2023,2.667,42490,72.32,358700,3.784,96110
41,4/12/2023,2.651,53830,73.04,388830,3.8355,95060
42,1/12/2023,2.773,48470,74.07,358980,3.9315,106080
43,30-11-2023,2.802,147750,75.96,559170,3.8505,76490
44,29-11-2023,2.804,141590,77.86,322170,3.8255,76390
45,28-11-2023,2.706,4140,76.41,286620,3.8285,640
46,27-11-2023,2.794,67040,74.86,289560,3.789,200
47,24-11-2023,2.855,34120,75.54,281150,3.8205,190
48,22-11-2023,2.897,59220,77.1,389330,3.797,150
49,21-11-2023,2.846,103670,77.77,238630,3.8395,120
50,20-11-2023,2.882,113700,77.6,27250,3.8335,310
51,17-11-2023,3.131,146650,75.89,101480,3.7345,
52,16-11-2023,3.239,166400,72.9,125170,3.7025,
53,15-11-2023,3.362,109450,76.66,282300,3.7185,85830
54,14-11-2023,3.106,146720,78.26,263000,3.6835,102760
55,13-11-2023,3.197,165650,78.26,262900,3.666,96820
56,10/11/2023,3.033,106720,77.17,267000,3.587,96130
57,9/11/2023,3.041,142580,75.74,303430,3.6405,93670
58,8/11/2023,3.106,172750,75.33,429650,3.638,96580
59,7/11/2023,3.14,186180,77.37,396290,3.679,108310
60,6/11/2023,3.264,185740,80.82,271130,3.719,84990
61,3/11/2023,3.515,110110,80.51,457280,3.6815,81350
62,2/11/2023,3.472,118510,82.46,307120,3.6725,71370
63,1/11/2023,3.494,151260,80.44,321590,3.649,83300
64,31-10-2023,3.575,238330,81.02,346010,3.649,72260
65,30-10-2023,3.352,119530,82.31,356930,3.6585,93450
66,27-10-2023,3.164,4090,85.54,333760,3.646,102140
67,26-10-2023,3.214,88610,83.21,341790,3.5845,73830
68,25-10-2023,3.01,31460,85.39,429460,3.591,70330
69,24-10-2023,2.971,65430,83.74,370590,3.624,89810
70,23-10-2023,2.926,99130,85.49,315520,3.5865,83730
71,20-10-2023,2.899,144040,88.75,27310,3.563,
72,19-10-2023,2.957,138650,89.37,72060,3.601,66120
73,18-10-2023,3.056,122850,88.32,92800,3.587,69580
74,17-10-2023,3.079,133590,86.66,197120,3.5785,86040
75,16-10-2023,3.109,165020,86.66,235780,3.582,57580
76,13-10-2023,3.236,139190,87.69,356860,3.571,64950
77,12/10/2023,3.344,160320,82.91,373490,3.591,69710
78,11/10/2023,3.377,211410,83.49,425400,3.612,52510
79,10/10/2023,3.382,170100,85.97,337650,3.634,57840
80,9/10/2023,3.376,208300,86.38,435040,3.646,64060
81,6/10/2023,3.338,248000,82.79,461140,3.6275,89050
82,5/10/2023,3.166,220410,82.31,466000,3.552,58690
83,4/10/2023,2.962,155570,84.22,460000,3.589,76860
84,3/10/2023,2.949,128580,89.23,350660,3.621,69450
85,2/10/2023,2.84,124340,88.82,334490,3.6415,74920
86,29-09-2023,2.929,114660,90.79,355780,3.7375,82330
87,28-09-2023,2.945,123670,91.71,406710,3.708,73770
88,27-09-2023,2.764,1880,93.68,504630,3.6365,64250
89,26-09-2023,2.656,57090,90.39,318020,3.649,65800
90,25-09-2023,2.639,36180,89.68,328370,3.67,54420
91,22-09-2023,2.637,52640,90.03,402090,3.696,61880
92,21-09-2023,2.61,99970,89.63,351030,3.696,124290
93,20-09-2023,2.733,140310,90.28,35990,3.776,50330
94,19-09-2023,2.848,164810,91.2,94600,3.747,61430
95,18-09-2023,2.728,128310,91.48,119260,3.779,48800
96,15-09-2023,2.644,127780,90.77,315000,3.801,56100
97,14-09-2023,2.708,154080,90.16,325270,3.8215,66850
98,13-09-2023,2.68,191710,88.52,345970,3.793,53840
99,12/9/2023,2.743,202190,88.84,341140,3.792,44010
100,11/9/2023,2.608,110880,87.29,292390,3.807,66660
101,8/9/2023,2.605,101230,87.51,294440,3.7165,66660
102,7/9/2023,2.579,140330,86.87,270740,3.762,69660
103,6/9/2023,2.51,116660,87.54,307120,3.786,68210
104,5/9/2023,2.582,178330,86.69,452910,3.8485,87970
105,1/9/2023,2.765,127250,85.55,420460,3.852,81640
106,31-08-2023,2.768,176020,83.63,368850,3.822,52790
107,30-08-2023,2.796,146880,81.63,299420,3.844,56860
108,29-08-2023,2.556,2350,81.16,284170,3.8295,640
109,28-08-2023,2.579,58220,80.1,246580,3.7855,170
110,25-08-2023,2.54,31330,79.83,411410,3.779,290
111,24-08-2023,2.519,76080,79.05,349230,3.7875,180
112,23-08-2023,2.497,93840,78.89,378150,3.8305,180
113,22-08-2023,2.56,111970,80.35,21690,3.7825,110
114,21-08-2023,2.632,102630,80.72,115870,3.7465,90
115,18-08-2023,2.551,128030,81.25,128090,3.706,54520
116,17-08-2023,2.621,119540,80.39,235580,3.6915,73410
117,16-08-2023,2.592,142520,79.38,325400,3.6575,69280
118,15-08-2023,2.659,158890,80.99,303210,3.6675,83180
119,14-08-2023,2.795,93500,82.51,277350,3.7255,73510
120,11/8/2023,2.77,163960,83.19,331250,3.719,95100
121,10/8/2023,2.763,230510,82.82,362190,3.765,81240
122,9/8/2023,2.959,312250,84.4,478140,3.7835,85710
123,8/8/2023,2.777,186800,82.92,424550,3.7665,138600
124,7/8/2023,2.725,228910,81.94,293040,3.835,70870
125,4/8/2023,2.577,104010,82.82,320870,3.8675,79910
126,3/8/2023,2.565,139150,81.55,402640,3.8995,81960
127,2/8/2023,2.477,147610,79.49,414830,3.8435,89270
128,1/8/2023,2.56,135520,81.37,307860,3.9085,109740
129,31-07-2023,2.634,97880,81.8,297270,4.008,115170
130,28-07-2023,2.638,136510,80.58,299550,3.9265,60860
131,27-07-2023,2.492,2420,80.09,374360,3.8755,76400
132,26-07-2023,2.665,37310,78.78,322030,3.902,65160
133,25-07-2023,2.73,35550,79.63,349600,3.9155,85940
134,24-07-2023,2.685,54170,78.74,368290,3.8555,
135,21-07-2023,2.707,103190,77.07,308110,3.818,
136,20-07-2023,2.731,147710,75.63,23710,3.8345,69440
137,19-07-2023,2.585,81160,75.35,92920,3.814,55190
138,18-07-2023,2.618,101520,75.75,125090,3.8295,61150
139,17-07-2023,2.504,90910,74.15,244790,3.844,79080
140,14-07-2023,2.53,115680,75.42,299580,3.933,78200
141,13-07-2023,2.534,120190,76.89,379730,3.94,103640
142,12/7/2023,2.597,99290,75.75,352890,3.853,77860
143,11/7/2023,2.731,130580,74.83,326880,3.766,64230
144,10/7/2023,2.669,124500,72.99,301010,3.7845,46990
145,7/7/2023,2.582,103590,73.86,362630,3.782,52200
146,6/7/2023,2.609,109300,71.8,395380,3.7345,60470
147,5/7/2023,2.657,124910,71.79,456810,3.7685,70900
148,3/7/2023,2.709,79620,69.79,303480,3.794,48350
149,30-06-2023,2.798,147270,70.64,299870,3.7595,58630
150,29-06-2023,2.701,118610,69.86,292870,3.699,75090
151,28-06-2023,2.603,1320,69.56,368300,3.7425,58610
152,27-06-2023,2.763,71150,67.7,384750,3.7885,51670
153,26-06-2023,2.791,31600,69.37,280120,3.8045,51830
154,23-06-2023,2.729,84430,69.16,322480,3.8155,44540
155,22-06-2023,2.608,109160,69.51,421350,3.9005,43050
156,21-06-2023,2.597,125410,72.53,264660,3.9105,46040
157,20-06-2023,2.492,198220,70.5,28740,3.8935,43540
158,16-06-2023,2.632,194540,71.78,99190,3.8985,31740
159,15-06-2023,2.533,260280,70.62,115610,3.904,37030
160,14-06-2023,2.342,141180,68.27,304450,3.87,89720
161,13-06-2023,2.34,179760,69.42,366350,3.831,115300
162,12/6/2023,2.266,174480,67.12,404770,3.752,78650
163,9/6/2023,2.254,169480,70.17,300720,3.789,84550
164,8/6/2023,2.352,217010,71.29,485400,3.795,87850
165,7/6/2023,2.329,182390,72.53,299130,3.756,95210
166,6/6/2023,2.262,147730,71.74,314960,3.7685,62020
167,5/6/2023,2.245,149920,72.15,383940,3.768,80760
168,2/6/2023,2.172,155170,71.74,322600,3.7275,82610
169,1/6/2023,2.158,210620,70.1,395390,3.711,85920
170,31-05-2023,2.266,151830,68.09,444790,3.637,66580
171,30-05-2023,2.327,183530,69.46,440860,3.663,88100
172,26-05-2023,2.181,2170,72.67,261500,3.6755,660
173,25-05-2023,2.307,48660,71.83,422640,3.5825,930
174,24-05-2023,2.398,33040,74.34,386610,3.5615,102900
175,23-05-2023,2.321,58740,72.91,317590,3.6545,69190
176,22-05-2023,2.4,114480,71.99,18680,3.685,55950
177,19-05-2023,2.585,162130,71.55,69950,3.732,59320
178,18-05-2023,2.592,186290,71.86,80860,3.6895,60350
179,17-05-2023,2.365,139260,72.83,273710,3.7545,82450
180,16-05-2023,2.376,135430,70.86,232330,3.667,74940
181,15-05-2023,2.375,142750,71.11,259010,3.751,59890
182,12/5/2023,2.438,131020,70.04,275440,3.7285,
183,11/5/2023,2.345,89130,70.87,365890,3.71,
184,10/5/2023,2.191,126490,72.56,351510,3.841,
185,9/5/2023,2.267,134530,73.71,317490,3.9015,46220
186,8/5/2023,2.238,125350,73.16,290080,3.9295,40070
187,5/5/2023,2.137,120690,71.34,330590,3.883,59640
188,4/5/2023,2.101,113280,68.56,412500,3.863,68250
189,3/5/2023,2.17,130330,68.6,490520,3.845,51300
190,2/5/2023,2.214,127230,71.66,417820,3.8625,57600
191,1/5/2023,2.318,108990,75.66,215020,3.934,59060
192,28-04-2023,2.41,176420,76.78,328400,3.8905,58930
193,27-04-2023,2.355,105220,74.76,345880,3.884,81380
194,26-04-2023,2.117,2410,74.3,497780,3.8615,73080
195,25-04-2023,2.307,66130,77.07,361650,3.865,83030
196,24-04-2023,2.273,56320,78.76,306720,3.9645,45580
197,21-04-2023,2.233,82960,77.87,291110,3.9865,38860
198,20-04-2023,2.249,115590,77.29,24990,4.0325,31530
199,19-04-2023,2.222,147570,79.16,78310,4.081,28540
200,18-04-2023,2.366,120610,80.86,96290,4.0965,24780
201,17-04-2023,2.275,191440,80.83,217050,4.066,62390
202,14-04-2023,2.114,226790,82.52,275130,4.1065,101540
203,13-04-2023,2.007,224380,82.16,261230,4.124,92480
204,12/4/2023,2.093,247320,83.26,356130,4.081,93030
205,11/4/2023,2.186,220670,81.53,309680,4.0195,85660
206,10/4/2023,2.172,256800,79.74,264910,3.9765,56660
207,6/4/2023,2.011,189060,80.7,259520,4.0155,87260
208,5/4/2023,2.155,147110,80.61,254970,3.9865,68500
209,4/4/2023,2.106,149120,80.71,343570,3.971,82160
210,3/4/2023,2.097,173580,80.42,547130,4.0455,64130
211,31-03-2023,2.216,164650,75.67,304360,4.0945,75930
212,30-03-2023,2.104,153730,74.37,269740,4.0915,69860
213,29-03-2023,1.991,3490,72.97,312670,4.0865,74240
214,28-03-2023,2.03,62600,73.2,328470,4.0855,77250
215,27-03-2023,2.088,39810,72.81,353600,4.0785,67620
216,24-03-2023,2.361,122740,69.26,380850,4.075,85510
217,23-03-2023,2.283,106540,69.96,335240,4.1235,79530
218,22-03-2023,2.307,133980,70.9,337640,4.0445,78060
219,21-03-2023,2.485,151460,69.33,26350,3.994,69310
220,20-03-2023,2.331,101860,67.64,76870,3.9515,73790
221,17-03-2023,2.446,101400,66.74,152260,3.8925,72130
222,16-03-2023,2.626,93850,68.35,327120,3.8645,85380
223,15-03-2023,2.546,117570,67.61,555160,3.843,131410
224,14-03-2023,2.573,93920,71.33,432860,4.003,71160
225,13-03-2023,2.606,146570,74.8,457420,4.0535,133480
226,10/3/2023,2.43,127170,76.68,371830,4.0305,84980
227,9/3/2023,2.543,138150,75.72,349960,4.039,54530
228,8/3/2023,2.551,132610,76.66,335930,4.027,79040
229,7/3/2023,2.687,149480,77.58,398240,3.975,77400
230,6/3/2023,2.572,246370,80.46,292350,4.0885,63750
231,3/3/2023,3.009,185070,79.68,374200,4.067,
232,2/3/2023,2.765,134240,78.16,260330,4.076,
233,1/3/2023,2.811,157120,77.69,342120,4.16,87330
234,28-02-2023,2.747,160840,77.05,300090,4.0895,71440
235,27-02-2023,2.731,238900,75.68,266090,4.011,83880
236,24-02-2023,2.451,3050,76.32,313040,3.952,
237,23-02-2023,2.314,57090,75.39,333840,4.059,73180
238,22-02-2023,2.174,57850,73.95,332020,4.1905,70160
239,21-02-2023,2.177,175520,76.16,35480,4.2255,126190
240,17-02-2023,2.352,132580,76.34,93270,4.1085,68600
241,16-02-2023,2.485,101080,78.49,117600,4.1355,108490
242,15-02-2023,2.555,106900,78.59,264490,4.0105,103170
243,14-02-2023,2.652,120080,79.06,299940,4.075,93920
244,13-02-2023,2.499,144730,80.14,301300,4.0575,74430
245,10/2/2023,2.607,135220,79.72,356060,4.0165,86480
246,9/2/2023,2.492,112910,78.06,324160,4.097,96580
247,8/2/2023,2.477,93350,78.47,353470,4.0355,85500
248,7/2/2023,2.664,119360,77.14,408280,4.0805,90920
249,6/2/2023,2.535,64960,74.11,380030,4.035,75840
250,3/2/2023,2.48,63360,73.39,413410,4.0565,91470
251,2/2/2023,2.522,70790,75.88,339760,4.091,82560
252,1/2/2023,2.536,88090,76.41,360860,4.111,88150
253,31-01-2023,2.741,80030,78.87,312730,4.226,86170
254,30-01-2023,2.731,61800,77.9,327430,4.202,63120
255,27-01-2023,2.849,128690,79.68,367590,4.2225,63410
256,26-01-2023,2.848,222210,81.01,291060,4.2675,58230
257,25-01-2023,2.915,152920,80.15,297230,4.2445,51110
258,24-01-2023,3.057,133730,80.13,288210,4.2485,51170
259,23-01-2023,3.222,139300,81.62,297080,4.2565,57180
260,20-01-2023,3.174,106740,81.64,300150,4.2515,59750
261,19-01-2023,3.275,99670,80.61,321130,4.2315,78540
262,18-01-2023,3.311,119850,79.8,326230,4.2345,104620
263,17-01-2023,3.586,143310,80.45,267910,4.223,113110
264,13-01-2023,3.419,112100,80.11,189320,4.216,69520
265,12/1/2023,3.695,123740,78.65,188060,4.1965,96270
266,11/1/2023,3.671,133200,77.68,179830,4.166,88480
267,10/1/2023,3.639,112230,75.37,164980,4.0775,72220
268,9/1/2023,3.91,130280,74.92,154200,4.0265,102470
269,6/1/2023,3.71,105050,74.04,95220,3.911,96750
270,5/1/2023,3.72,116680,73.92,112450,3.821,76730
271,4/1/2023,4.172,99760,73.1,149770,3.7405,80270
272,3/1/2023,3.988,116840,77.12,139840,3.7665,83900
273,30-12-2022,4.475,62280,80.47,,3.813,10
274,29-12-2022,4.559,78440,78.61,,3.8265,40
275,28-12-2022,4.709,1720,78.6,,3.8425,42610
276,27-12-2022,5.282,41150,79.77,,3.8405,48120
277,23-12-2022,4.98,87380,79.34,,3.809,38560
278,22-12-2022,4.928,82270,78.45,,3.757,44390
279,21-12-2022,5.238,55520,78.24,,3.81,39350
280,20-12-2022,5.216,77840,76.23,,3.799,55300
281,19-12-2022,5.71,65660,75.89,,3.783,38270
282,16-12-2022,6.303,48450,74.45,,3.7615,46140
283,15-12-2022,6.589,63690,76.25,,3.763,60790
284,14-12-2022,6.22,52190,77.27,,3.878,50210
285,13-12-2022,6.733,55830,75.19,,3.842,69130
286,12/12/2022,6.416,62490,73.44,,3.8005,45290
287,9/12/2022,6.082,48190,71.5,,3.8785,51880
288,8/12/2022,5.82,49950,72.06,,3.8835,50540
289,7/12/2022,5.617,67440,72.58,,3.8605,52670
290,6/12/2022,5.378,42690,74.47,,3.818,53100
291,5/12/2022,5.484,48480,77.4,,3.795,58790
292,2/12/2022,6.169,29960,80.3,,3.8505,59970
293,1/12/2022,6.738,94560,81.33,,3.8175,59940
294,30-11-2022,6.93,107310,80.56,,3.738,81150
295,29-11-2022,7.235,101680,78.2,381870,3.6395,55240
296,28-11-2022,6.712,3650,77.24,405030,3.6165,460
297,25-11-2022,7.024,35510,76.28,266450,3.633,180
298,23-11-2022,7.308,59050,77.94,379150,3.62,210
299,22-11-2022,6.779,73120,80.95,269620,3.6165,250
300,21-11-2022,6.776,107820,79.73,21980,3.576,32410
301,18-11-2022,6.303,102560,80.08,96580,3.6415,28320
302,17-11-2022,6.369,106770,81.64,138480,3.694,24880
303,16-11-2022,6.2,112920,85.59,225670,3.7735,27930
304,15-11-2022,6.034,76930,86.92,331710,3.8195,39810
305,14-11-2022,5.933,110910,85.87,315450,3.8275,38110
306,11/11/2022,5.879,110490,88.96,301660,3.901,47700
307,10/11/2022,6.239,101640,86.47,340010,3.7495,36790
308,9/11/2022,5.865,134650,85.83,388300,3.691,42770
309,8/11/2022,6.138,146540,88.91,344220,3.676,38610
310,7/11/2022,6.944,171260,91.79,322420,3.6005,32980
311,4/11/2022,6.4,117250,92.61,354060,3.6735,45210
312,3/11/2022,5.975,98530,88.17,239820,3.4165,29770
313,2/11/2022,6.268,104850,90,280960,3.4545,20270
314,1/11/2022,5.714,136650,88.37,274320,3.457,14760
315,31-10-2022,6.355,128750,86.53,285340,3.3575,15270
316,28-10-2022,5.684,84710,87.9,263400,3.4135,15710
317,27-10-2022,5.186,1730,89.08,292560,3.5025,15230
318,26-10-2022,5.606,36780,87.91,287180,3.5245,21530
319,25-10-2022,5.613,39950,85.32,240440,3.3845,12760
320,24-10-2022,5.199,69670,84.58,250730,3.417,14290
321,21-10-2022,4.959,101730,85.05,272800,3.4565,19940
322,20-10-2022,5.358,104220,85.98,18180,3.4015,15870
323,19-10-2022,5.462,107160,85.55,71310,3.311,13420
324,18-10-2022,5.745,102090,82.82,97300,3.351,13630
325,17-10-2022,5.999,132420,85.46,172020,3.401,9660
326,14-10-2022,6.453,96730,85.61,237030,3.4045,10900
327,13-10-2022,6.741,131390,89.11,298030,3.423,9770
328,12/10/2022,6.435,112380,87.27,332270,3.408,8700
329,11/10/2022,6.596,106890,89.35,333160,3.4455,8110
330,10/10/2022,6.435,114240,91.13,289510,3.4115,8920
331,7/10/2022,6.748,124710,92.64,429160,3.3685,10200
332,6/10/2022,6.972,109940,88.45,235300,3.429,10420
333,5/10/2022,6.93,80870,87.76,329790,3.483,8660
334,4/10/2022,6.837,121680,86.52,302550,3.4705,10440
335,3/10/2022,6.47,104480,83.63,287170,3.3915,8130
336,30-09-2022,6.766,97370,79.49,253150,3.394,9960
337,29-09-2022,6.874,85720,81.23,286130,3.403,8690
338,28-09-2022,6.868,1870,82.15,324680,3.347,8420
339,27-09-2022,6.76,130920,78.5,283610,3.2755,6290
340,26-09-2022,7.014,81080,76.71,280930,3.2855,8610
341,23-09-2022,6.992,123600,78.74,334270,3.337,11230
342,22-09-2022,7.193,94310,83.49,303490,3.4615,5360
343,21-09-2022,7.827,60250,82.94,339680,3.4585,7530
344,20-09-2022,7.772,42910,84.45,26230,3.4955,6500
345,19-09-2022,7.752,87550,85.73,59630,3.5045,5870
346,16-09-2022,7.764,96570,85.11,87830,3.505,6990
347,15-09-2022,8.324,127210,85.1,235360,3.48,6620
348,14-09-2022,9.114,137210,88.48,335380,3.5135,7530
349,13-09-2022,8.284,108830,87.31,348000,3.548,10160
350,12/9/2022,8.249,106170,87.78,275100,3.603,6330
351,9/9/2022,7.996,90500,86.79,305190,3.5615,5040
352,8/9/2022,7.954,,83.54,342760,3.522,7240
353,7/9/2022,7.842,127190,81.94,380780,3.4265,4310
354,2/9/2022,8.786,103170,86.87,277530,3.409,4850
355,1/9/2022,9.262,94240,86.61,305110,3.405,6880
356,31-08-2022,9.127,86290,89.55,344150,3.517,7330
357,30-08-2022,9.042,76600,91.64,386270,3.556,6690
358,29-08-2022,9.353,1200,97.01,283460,3.614,3440
359,26-08-2022,9.296,33980,93.06,288390,3.6985,3540
360,25-08-2022,9.375,25830,92.52,279880,3.6965,4340
361,24-08-2022,9.3,72190,94.89,320390,3.651,5260
362,23-08-2022,9.155,86530,93.74,285610,3.692,6440
363,22-08-2022,9.647,60480,90.23,24870,3.6565,5280
364,19-08-2022,9.336,69810,90.77,58710,3.6765,3750
365,18-08-2022,9.188,112100,90.5,80030,3.6405,7070
366,17-08-2022,9.244,88680,88.11,230350,3.5965,2950
367,16-08-2022,9.329,104090,86.53,305370,3.6375,3430
368,15-08-2022,8.728,80220,89.41,275440,3.634,3710
369,12/8/2022,8.768,68130,92.09,264950,3.6855,2900
370,11/8/2022,8.874,141750,94.34,341230,3.7215,4290
371,10/8/2022,8.202,111810,91.93,383770,3.6665,4480
372,9/8/2022,7.833,88510,90.5,347050,3.6065,4030
373,8/8/2022,7.589,117790,90.76,340160,3.6065,4910
374,5/8/2022,8.064,111700,89.01,350020,3.575,4920
375,4/8/2022,8.122,102540,88.54,334930,3.503,3530
376,3/8/2022,8.266,134210,90.66,395100,3.4845,3220
377,2/8/2022,7.706,106080,94.42,328540,3.5335,3490
378,1/8/2022,8.283,104020,93.89,365290,3.559,3380
379,29-07-2022,8.229,77770,98.62,349370,3.5875,3050
380,28-07-2022,8.134,89240,96.42,318400,3.497,3160
381,27-07-2022,8.554,105220,97.26,321900,3.449,2840
382,26-07-2022,8.825,146560,94.98,310040,3.4065,2020
383,25-07-2022,8.571,79050,96.7,279000,3.375,3380
384,22-07-2022,8.195,86580,94.7,307570,3.3605,1980
385,21-07-2022,7.815,84550,96.35,318910,3.3105,2080
386,20-07-2022,7.899,75270,102.26,28960,3.3395,1400
387,19-07-2022,7.15,58010,104.22,63150,3.3045,1290
388,18-07-2022,7.382,52890,102.6,84670,3.3575,2290
389,15-07-2022,6.926,49320,97.59,240770,3.2425,2440
390,14-07-2022,6.511,69080,95.78,387530,3.213,2880
391,13-07-2022,6.589,67360,96.3,347190,3.326,2470
392,12/7/2022,6.021,73230,95.84,398550,3.291,2470
393,11/7/2022,6.319,70940,104.09,348570,3.431,1490
394,8/7/2022,6.034,,104.79,327460,3.5275,1390
395,7/7/2022,6.297,127670,102.73,379860,3.577,2670
396,6/7/2022,5.51,73510,98.53,444110,3.4125,3750
397,1/7/2022,5.73,106970,108.43,305340,3.62,1940
398,30-06-2022,5.424,182580,105.76,362890,3.7295,1410
399,29-06-2022,6.498,82210,109.78,322060,3.7985,670
400,28-06-2022,6.551,2460,111.76,306750,3.7965,730
401,27-06-2022,6.501,33100,109.57,282910,3.7825,830
402,24-06-2022,6.22,26570,107.62,321590,3.7655,1690
403,23-06-2022,6.239,78030,104.27,346360,3.7705,870
404,22-06-2022,6.858,92470,106.19,432720,3.967,1720
405,17-06-2022,6.944,103760,109.56,103150,4.045,880
406,16-06-2022,7.464,137430,117.59,162540,4.141,1330
407,15-06-2022,7.42,123590,115.31,301750,4.195,1130
408,14-06-2022,7.189,273720,118.93,366320,4.19,1230
409,13-06-2022,8.609,167560,120.93,372400,4.2345,1130
410,10/6/2022,8.85,134610,120.67,352910,4.318,1340
411,9/6/2022,8.963,244480,121.51,293300,4.396,1030
412,8/6/2022,8.699,250300,122.11,340590,4.459,600
413,7/6/2022,9.293,140030,119.41,341690,4.453,1620
414,6/6/2022,9.322,129100,118.5,246830,4.453,2640
415,3/6/2022,8.523,75230,118.87,240830,4.497,330
416,2/6/2022,8.485,119010,116.87,327600,4.57,570
417,1/6/2022,8.696,111960,115.26,290530,4.3475,750
418,27-05-2022,8.727,107090,115.07,217280,4.3315,390
419,26-05-2022,8.908,1470,114.09,234750,4.284,480
420,25-05-2022,8.971,37390,110.33,191370,4.279,1020
421,24-05-2022,8.796,31660,109.77,224790,4.3215,570
422,23-05-2022,8.744,65550,110.29,215620,4.3555,610
423,20-05-2022,8.083,85460,113.23,20000,4.2875,380
424,19-05-2022,8.308,90580,112.21,68510,4.29,790
425,18-05-2022,8.368,80720,109.59,103670,4.1935,650
426,17-05-2022,8.304,76670,112.4,252630,4.254,430
427,16-05-2022,7.956,93520,114.2,289130,4.209,700
428,13-05-2022,7.663,85040,110.49,240990,4.1955,350
429,12/5/2022,7.739,107060,106.13,323550,4.1265,1060
430,11/5/2022,7.64,120930,105.71,382700,4.2335,940
431,10/5/2022,7.385,185460,99.76,389750,4.1845,1020
432,9/5/2022,7.026,202620,103.09,368180,4.222,1040
433,6/5/2022,8.043,168300,109.77,294280,4.2935,650
434,5/5/2022,8.783,160160,108.26,286920,4.309,370
435,4/5/2022,8.415,132320,107.81,272910,4.353,600
436,3/5/2022,7.954,153340,102.41,239270,4.3025,320
437,2/5/2022,7.475,110920,105.17,261880,4.284,360
438,29-04-2022,7.244,109240,104.69,294390,4.4245,540
439,28-04-2022,6.888,139570,105.36,312060,4.4555,340
440,27-04-2022,7.339,,102.02,278780,4.4985,600
441,26-04-2022,6.85,41410,101.7,351850,4.489,290
442,25-04-2022,6.669,32520,98.54,328150,4.4975,460
443,22-04-2022,6.534,80600,102.07,246120,4.6235,420
444,21-04-2022,6.957,145260,103.79,280320,4.734,460
445,20-04-2022,6.937,157960,102.75,17020,4.6865,350
446,19-04-2022,7.176,237000,102.56,71790,4.743,230
447,18-04-2022,7.82,191080,108.21,68490,4.8195,120
448,14-04-2022,7.3,214220,106.95,244950,4.7365,220
449,13-04-2022,6.997,210550,104.25,312500,4.732,210
450,12/4/2022,6.68,234250,100.6,329040,4.7365,520
451,11/4/2022,6.643,177960,94.29,315870,4.655,230
452,8/4/2022,6.278,188340,98.26,310080,4.7365,240
453,7/4/2022,6.359,199510,96.03,367320,4.704,100
454,6/4/2022,6.029,166720,96.23,366040,4.7335,110
455,5/4/2022,6.032,158220,101.96,280280,4.7885,140
456,4/4/2022,5.712,137180,103.28,288130,4.7665,120
457,1/4/2022,5.72,178520,99.27,324780,4.6785,30
458,31-03-2022,5.642,159720,100.28,450850,4.738,40
459,30-03-2022,5.605,117850,107.82,284540,4.733,40
460,29-03-2022,5.336,2270,104.24,387200,4.711,40
461,28-03-2022,5.508,33910,105.96,372250,4.712,30
462,25-03-2022,5.571,29470,113.9,320300,4.6855,40
463,24-03-2022,5.401,84230,112.34,307240,4.726,140
464,23-03-2022,5.232,74540,114.93,289180,4.7495,80
465,22-03-2022,5.187,122750,111.76,22940,4.6805,20
466,21-03-2022,4.9,75460,112.12,77220,4.6885,30
467,18-03-2022,4.863,67270,104.7,74250,4.7395,39260
468,17-03-2022,4.99,93840,102.98,210760,4.702,45490
469,16-03-2022,4.748,80520,95.04,293950,4.6005,46020
470,15-03-2022,4.568,86940,96.44,401690,4.513,47630
471,14-03-2022,4.658,73960,103.01,344180,4.523,50650
472,11/3/2022,4.725,84510,109.33,368190,4.6255,40580
473,10/3/2022,4.631,81810,106.02,437920,4.6525,45460
474,9/3/2022,4.526,95130,108.7,594770,4.5725,60810
475,8/3/2022,4.527,159170,123.7,583110,4.71,89600
476,7/3/2022,4.833,130860,119.4,576020,4.731,96670
477,4/3/2022,5.016,125390,115.68,493880,4.9375,97430
478,3/3/2022,4.722,137150,107.67,592030,4.7815,91700
479,2/3/2022,4.762,141690,110.6,651850,4.6655,79620
480,1/3/2022,4.573,112550,103.41,698810,4.5965,69000
481,28-02-2022,4.402,107190,95.72,490800,4.4545,59500
482,25-02-2022,4.47,114860,91.59,523790,4.485,57820
483,24-02-2022,4.568,3540,92.81,872240,4.458,880
484,23-02-2022,4.623,47180,92.1,440570,4.4855,1120
485,18-02-2022,4.431,73220,91.07,150380,4.524,190
486,17-02-2022,4.486,117790,91.76,212550,4.5265,250
487,16-02-2022,4.717,155480,93.66,401450,4.5395,330
488,15-02-2022,4.306,141950,92.07,442640,4.5345,210
489,14-02-2022,4.195,121200,95.46,467070,4.507,180
490,11/2/2022,3.941,177370,93.1,554420,4.5085,480
491,10/2/2022,3.959,141740,89.88,492090,4.658,550
492,9/2/2022,4.009,154600,89.66,445620,4.602,310
493,8/2/2022,4.248,154440,89.36,467390,4.4645,280
494,7/2/2022,4.232,192860,91.32,497750,4.4675,320
495,4/2/2022,4.572,152120,92.31,410930,4.49,200
496,3/2/2022,4.888,205840,90.27,465770,4.472,120
497,2/2/2022,5.501,305900,88.26,456860,4.4935,220
498,1/2/2022,4.751,140790,88.2,376840,4.4315,180
499,31-01-2022,4.874,156750,88.15,359080,4.3265,170
500,28-01-2022,4.639,263420,86.82,436170,4.3125,460
501,27-01-2022,4.283,7180,86.61,427800,4.4235,69840
502,26-01-2022,4.277,44320,87.35,459640,4.515,62130
503,25-01-2022,4.053,23440,85.6,507220,4.45,54590
504,24-01-2022,4.027,47100,83.31,511700,4.4125,79000
505,21-01-2022,3.999,70260,85.14,509100,4.524,68200
506,20-01-2022,3.802,104200,86.9,30390,4.5825,73190
507,19-01-2022,4.031,116540,86.96,113150,4.47,61270
508,14-01-2022,4.262,108860,83.82,364440,4.4205,70020
509,13-01-2022,4.27,221610,82.12,364770,4.546,62790
510,12/1/2022,4.857,217500,82.64,420620,4.5765,106930
511,11/1/2022,4.249,121620,81.22,481820,4.429,46660
512,10/1/2022,4.079,177630,78.23,389960,4.352,45320
513,7/1/2022,3.916,127010,78.9,414430,4.41,46400
514,6/1/2022,3.812,116580,79.46,476670,4.3545,56250
515,5/1/2022,3.882,96810,77.85,397900,4.4135,51730
516,4/1/2022,3.717,133390,76.99,372850,4.475,55940
517,3/1/2022,3.815,99070,76.08,317630,4.4215,38420
518,31-12-2021,3.73,93100,75.21,237120,4.4635,36980
519,30-12-2021,3.561,124670,76.99,231160,4.3925,35140
520,29-12-2021,4.024,4820,76.56,283560,4.41,810
521,28-12-2021,4.055,35640,75.98,249730,4.4295,310
522,27-12-2021,4.06,38910,75.57,268490,4.4695,160
523,23-12-2021,3.731,82230,73.79,270220,4.3895,280
524,22-12-2021,3.976,86620,72.76,306710,4.389,400
525,21-12-2021,3.869,128440,71.12,358780,4.3425,200
526,20-12-2021,3.834,128580,68.23,36730,4.29,330
527,17-12-2021,3.69,101630,70.86,78130,4.2925,160
528,16-12-2021,3.766,122850,72.38,142540,4.3025,280
529,15-12-2021,3.802,110310,70.87,294340,4.1805,220
530,14-12-2021,3.747,116830,70.73,359450,4.255,60
531,13-12-2021,3.794,162590,71.29,406600,4.2815,80
532,10/12/2021,3.925,133280,71.67,397880,4.285,140
533,9/12/2021,3.814,141110,70.94,393210,4.332,90
534,8/12/2021,3.815,146870,72.36,464850,4.3925,180
535,7/12/2021,3.708,162970,72.05,496530,4.339,40
536,6/12/2021,3.657,176720,69.49,401060,4.3375,50
537,3/12/2021,4.132,124770,66.26,449970,4.266,300
538,2/12/2021,4.056,145510,66.5,668290,4.2995,160
539,1/12/2021,4.258,171940,65.57,602450,4.247,120
540,30-11-2021,4.567,171820,66.18,722480,4.2805,240
541,29-11-2021,4.854,172470,69.95,675090,4.3415,420
542,24-11-2021,5.068,40860,78.39,328850,4.4645,1610
543,23-11-2021,4.967,47430,78.5,506990,4.4235,430
544,22-11-2021,4.789,96190,76.75,465770,4.3975,730
545,19-11-2021,5.065,110060,76.1,30700,4.4,1020
546,18-11-2021,4.902,111030,79.01,83980,4.305,850
547,17-11-2021,4.816,145610,78.36,174470,4.268,480
548,16-11-2021,5.177,141140,80.76,325670,4.3545,370
549,15-11-2021,5.017,117670,80.88,343480,4.4005,370
550,12/11/2021,4.791,137100,80.79,390300,4.447,280
551,11/11/2021,5.149,135950,81.59,475440,4.398,180
552,10/11/2021,4.88,170390,81.34,555220,4.323,300
553,9/11/2021,4.979,202740,84.15,504830,4.3725,180
554,8/11/2021,5.427,154220,81.93,393950,4.3945,270
555,5/11/2021,5.516,133340,81.27,531050,4.3355,130
556,4/11/2021,5.716,147040,78.81,701120,4.309,70
557,3/11/2021,5.67,141500,80.86,546580,4.309,210
558,2/11/2021,5.542,153760,83.91,429610,4.3515,330
559,1/11/2021,5.186,163260,84.05,412310,4.379,180
560,29-10-2021,5.426,154410,83.57,507310,4.359,350
561,28-10-2021,5.782,165630,82.81,491590,4.4275,190
562,27-10-2021,6.202,5780,82.66,529950,4.3895,71050
563,26-10-2021,5.882,50710,84.65,467720,4.486,58890
564,25-10-2021,5.898,50880,83.76,568730,4.528,54920
565,22-10-2021,5.28,74370,83.76,465360,4.498,88780
566,21-10-2021,5.115,107710,82.5,567500,4.5585,82450
567,20-10-2021,5.17,140030,83.87,25720,4.7345,71770
568,19-10-2021,5.088,152730,82.96,82610,4.703,73560
569,18-10-2021,4.989,167900,82.44,134100,4.7255,76630
570,15-10-2021,5.41,184580,82.28,277950,4.7295,95100
571,14-10-2021,5.687,169160,81.31,399810,4.6315,91560
572,13-10-2021,5.59,198790,80.44,487220,4.516,104410
573,12/10/2021,5.505,215450,80.64,598180,4.3255,65220
574,11/10/2021,5.345,188700,80.52,653760,4.3665,60620
575,8/10/2021,5.565,163350,79.35,662010,4.2755,51720
576,7/10/2021,5.677,239500,78.3,545010,4.2435,41510
577,6/10/2021,5.675,274650,77.43,459060,4.1475,48580
578,5/10/2021,6.312,219520,78.93,449620,4.1925,41330
579,4/10/2021,5.766,209580,77.62,458010,4.2385,45600
580,1/10/2021,5.619,178940,75.88,389000,4.1885,51970
581,30-09-2021,5.867,243240,75.03,583190,4.089,72320
582,29-09-2021,5.477,226340,74.83,424190,4.199,47160
583,28-09-2021,5.841,5660,75.29,476140,4.2485,510
584,27-09-2021,5.706,63070,75.45,417830,4.291,500
585,24-09-2021,5.14,47440,73.98,350380,4.2845,500
586,23-09-2021,4.976,105200,73.3,403410,4.231,220
587,22-09-2021,4.805,108780,72.23,381060,4.252,330
588,21-09-2021,4.805,163100,70.56,37610,4.126,420
589,20-09-2021,4.985,156870,70.29,75840,4.1135,300
590,17-09-2021,5.105,164580,71.97,119930,4.2445,310
591,16-09-2021,5.335,221140,72.61,298410,4.28,140
592,15-09-2021,5.46,279120,72.61,418670,4.404,180
593,14-09-2021,5.26,200940,70.46,414230,4.319,320
594,13-09-2021,5.231,201770,70.45,390940,4.365,450
595,10/9/2021,4.938,151040,69.72,411080,4.45,590
596,9/9/2021,5.031,234850,68.14,556450,4.284,230
597,8/9/2021,4.914,244740,69.3,389330,4.2325,280
598,3/9/2021,4.712,110950,69.29,313090,4.331,160
599,2/9/2021,4.641,176850,69.99,403310,4.2995,120
600,1/9/2021,4.615,241160,68.59,399500,4.274,260
601,31-08-2021,4.377,147420,68.5,325850,4.37,710
602,30-08-2021,4.305,167100,69.21,360800,4.371,570
603,27-08-2021,4.37,4280,68.74,326060,4.3235,1660
604,26-08-2021,4.184,76860,67.42,344290,4.252,780
605,25-08-2021,3.897,39370,68.36,353740,4.27,560
606,24-08-2021,3.896,57630,67.54,335890,4.26,370
607,23-08-2021,3.945,85500,65.64,397290,4.221,470
608,20-08-2021,3.851,108520,62.32,24630,4.1255,1280
609,19-08-2021,3.83,121760,63.69,88240,4.0405,640
610,18-08-2021,3.852,95510,65.46,121200,4.117,390
611,17-08-2021,3.837,131220,66.59,235300,4.2015,350
612,16-08-2021,3.946,101670,67.29,334840,4.32,770
613,13-08-2021,3.861,123010,68.44,272030,4.3825,110
614,12/8/2021,3.933,186990,69.09,352470,4.35,120
615,11/8/2021,4.059,161900,69.25,513290,4.36,100
616,10/8/2021,4.089,157510,68.29,452130,4.346,80
617,9/8/2021,4.06,180000,66.48,598380,4.282,360
618,6/8/2021,4.14,153150,68.28,537140,4.339,500
619,5/8/2021,4.14,125230,69.09,416330,4.334,110
620,4/8/2021,4.158,142590,68.15,582920,4.3215,170
621,3/8/2021,4.027,120860,70.56,509940,4.3755,220
622,2/8/2021,3.935,110950,71.26,448200,4.418,590
623,30-07-2021,3.914,161870,73.95,303700,4.4655,120
624,29-07-2021,4.059,118450,73.62,294460,4.5075,290
625,28-07-2021,4.044,3880,72.39,318910,4.482,79780
626,27-07-2021,3.971,46960,71.65,333120,4.5445,86630
627,26-07-2021,4.102,49420,71.91,395740,4.585,106740
628,23-07-2021,4.06,73870,72.07,274780,4.4,88240
629,22-07-2021,4.003,102160,71.91,435180,4.3375,57620
630,21-07-2021,3.959,111930,70.3,503030,4.272,51380
631,20-07-2021,3.876,118400,67.42,29740,4.263,63300
632,19-07-2021,3.779,124160,66.42,82570,4.2015,99000
633,16-07-2021,3.674,89980,71.81,133930,4.323,45620
634,15-07-2021,3.614,117590,71.65,368680,4.323,66980
635,14-07-2021,3.66,137350,73.13,528360,4.2675,51690
636,13-07-2021,3.696,104040,75.25,444080,4.307,62160
637,12/7/2021,3.749,127070,74.1,397930,4.316,55990
638,9/7/2021,3.674,115680,74.56,422150,4.3455,81770
639,8/7/2021,3.688,148550,72.94,529690,4.2645,72140
640,7/7/2021,3.596,124620,72.2,607970,4.3225,81230
641,2/7/2021,3.7,111460,75.16,377530,4.276,52900
642,1/7/2021,3.661,149420,75.23,615680,4.236,70960
643,30-06-2021,3.65,187010,73.47,383630,4.289,71400
644,29-06-2021,3.63,205480,72.98,321450,4.2645,68650
645,28-06-2021,3.617,6840,72.91,354700,4.28,1440
646,25-06-2021,3.496,39080,74.05,364720,4.2905,830
647,24-06-2021,3.418,49400,73.3,334830,4.307,290
648,23-06-2021,3.333,75390,73.08,429210,4.3265,740
649,22-06-2021,3.258,77090,73.06,29000,4.2245,530
650,21-06-2021,3.191,103040,73.66,123660,4.1845,700
651,18-06-2021,3.215,104940,71.64,139580,4.1615,270
652,17-06-2021,3.253,150050,71.04,373780,4.1825,620
653,16-06-2021,3.251,111290,72.15,426780,4.3885,730
654,15-06-2021,3.24,154410,72.12,336040,4.3375,780
655,14-06-2021,3.352,113120,70.88,319640,4.531,240
656,11/6/2021,3.296,194490,70.91,563580,4.5415,250
657,10/6/2021,3.149,151570,70.29,492460,4.489,300
658,9/6/2021,3.129,131720,69.96,410820,4.5345,200
659,8/6/2021,3.128,208580,70.05,441300,4.559,250
660,7/6/2021,3.07,138840,69.23,365620,4.5295,290
661,4/6/2021,3.097,118040,69.62,326250,4.5315,310
662,3/6/2021,3.041,100520,68.81,351370,4.4665,470
663,2/6/2021,3.075,114980,68.83,333000,4.595,190
664,28-05-2021,2.986,110000,66.32,390460,4.681,650
665,27-05-2021,2.958,123070,66.85,337540,4.666,840
666,26-05-2021,2.984,5090,66.21,376210,4.5295,65580
667,25-05-2021,2.913,38340,66.07,497390,4.5065,86450
668,24-05-2021,2.886,43510,66.05,466650,4.5255,79530
669,21-05-2021,2.906,58270,63.58,530830,4.481,105060
670,20-05-2021,2.925,85090,62.05,29620,4.568,102540
671,19-05-2021,2.964,100250,63.36,101900,4.5765,142070
672,18-05-2021,3.012,129180,65.49,167350,4.7255,78110
673,17-05-2021,3.109,169010,66.27,268480,4.7115,76760
674,14-05-2021,2.961,84200,65.37,383750,4.6545,115490
675,13-05-2021,2.973,96120,63.82,547690,4.6905,113720
676,12/5/2021,2.969,90580,66.08,508520,4.736,108330
677,11/5/2021,2.955,107220,65.28,514950,4.762,109380
678,10/5/2021,2.932,92280,64.92,448340,4.716,160250
679,7/5/2021,2.958,102870,64.9,431420,4.7485,120250
680,6/5/2021,2.928,83810,64.71,389210,4.6025,79800
681,5/5/2021,2.938,90210,65.63,460070,4.524,64610
682,4/5/2021,2.967,102050,65.69,370210,4.5215,64430
683,3/5/2021,2.966,101040,64.49,285970,4.5285,40970
684,30-04-2021,2.931,101570,63.58,400520,4.468,74280
685,29-04-2021,2.911,123110,65.01,384490,4.4865,92260
686,28-04-2021,2.925,3250,63.86,387680,4.498,2640
687,27-04-2021,2.873,41280,62.94,361540,4.487,1780
688,26-04-2021,2.79,34310,61.91,366870,4.443,1660
689,23-04-2021,2.73,50600,62.14,345410,4.34,790
690,22-04-2021,2.749,126330,61.43,344700,4.278,900
691,21-04-2021,2.692,99730,61.35,431490,4.2845,1030
692,20-04-2021,2.727,96680,62.44,33040,4.219,450
693,19-04-2021,2.749,105070,63.38,74380,4.243,520
694,16-04-2021,2.68,94880,63.13,87800,4.172,280
695,15-04-2021,2.658,135590,63.46,243370,4.223,730
696,14-04-2021,2.618,129020,63.15,419810,4.1315,500
697,13-04-2021,2.619,166000,60.18,349730,4.0365,420
698,12/4/2021,2.561,144320,59.7,410220,4.0225,590
699,9/4/2021,2.526,121590,59.32,351440,4.0445,370
700,8/4/2021,2.522,140800,59.6,419910,4.099,430
701,7/4/2021,2.52,132270,59.77,475540,4.0575,240
702,6/4/2021,2.456,142680,59.33,457350,4.118,150
703,5/4/2021,2.511,146890,58.65,438860,4.1395,340
704,1/4/2021,2.639,116690,61.45,605570,3.994,73100
705,31-03-2021,2.608,92080,59.16,414160,4,310
706,30-03-2021,2.623,100810,60.55,388190,3.982,80
707,29-03-2021,2.586,6540,61.56,449360,4.0345,61610
708,26-03-2021,2.557,35200,60.97,472000,4.068,63830
709,25-03-2021,2.57,39050,58.56,580110,3.978,108970
710,24-03-2021,2.518,48420,61.18,566290,4.064,73580
711,23-03-2021,2.508,89370,57.76,712320,4.0795,81750
712,22-03-2021,2.582,108230,61.55,28260,4.1395,58810
713,19-03-2021,2.535,74380,61.42,84170,4.113,75170
714,18-03-2021,2.481,143770,60,143600,4.108,67410
715,17-03-2021,2.528,91680,64.6,254720,4.119,58920
716,16-03-2021,2.562,99290,64.8,317540,4.0715,72250
717,15-03-2021,2.484,136040,65.39,378010,4.1405,60220
718,12/3/2021,2.6,104730,65.61,321710,4.14,68500
719,11/3/2021,2.668,119770,66.02,441060,4.139,89650
720,10/3/2021,2.692,93180,64.44,498490,4.0325,74710
721,9/3/2021,2.662,96800,64.01,554560,4.0085,105190
722,8/3/2021,2.664,130870,65.05,533380,4.093,112000
723,5/3/2021,2.701,116200,66.09,573170,4.0755,130260
724,4/3/2021,2.746,138700,63.83,694630,3.9785,172330
725,3/3/2021,2.816,93790,61.28,465310,4.142,106170
726,2/3/2021,2.839,109640,59.75,464130,4.222,125090
727,1/3/2021,2.777,75970,60.64,456680,4.113,106830
728,26-02-2021,2.771,132990,61.5,472720,4.0925,176040
729,25-02-2021,2.777,123990,63.53,510360,4.2635,167030
730,24-02-2021,2.854,6640,63.22,489930,4.3015,2490
731,23-02-2021,2.879,45700,61.67,570680,4.185,1410
732,22-02-2021,2.953,39810,61.49,37040,4.1465,2040
733,19-02-2021,3.069,67060,59.24,102430,4.077,1060
734,18-02-2021,3.082,171650,60.52,132040,3.905,510
735,17-02-2021,3.219,218620,61.14,335420,3.8235,500
736,12/2/2021,2.912,190050,59.47,480820,3.7875,210
737,11/2/2021,2.868,261920,58.24,380450,3.7735,140
738,10/2/2021,2.911,266990,58.68,457540,3.773,130
739,9/2/2021,2.835,196930,58.36,514700,3.719,260
740,8/2/2021,2.882,194660,57.97,399720,3.6665,110
741,5/2/2021,2.863,270030,56.85,400830,3.627,90
742,4/2/2021,2.935,186930,56.23,381400,3.555,190
743,3/2/2021,2.789,158480,55.69,448690,3.5655,170
744,2/2/2021,2.845,236390,54.76,463720,3.5245,70
745,1/2/2021,2.85,243660,53.55,416070,3.5455,100
746,29-01-2021,2.564,133180,52.2,410910,3.558,300
747,28-01-2021,2.664,159820,52.34,411410,3.58,150
748,27-01-2021,2.76,5520,52.85,442380,3.5575,105180
749,26-01-2021,2.656,32230,52.61,314540,3.6195,60310
750,25-01-2021,2.602,42990,52.77,349080,3.6295,63750
751,22-01-2021,2.446,63830,52.27,437480,3.626,82150
752,21-01-2021,2.491,100320,53.13,352400,3.6475,54040
753,20-01-2021,2.539,133440,53.24,37840,3.6415,52140
754,15-01-2021,2.737,150990,52.36,165670,3.602,72980
755,14-01-2021,2.666,163040,53.57,390090,3.6645,71340
756,13-01-2021,2.727,169240,52.91,429900,3.617,64870
757,12/1/2021,2.753,201430,53.21,400200,3.6055,78260
758,11/1/2021,2.747,177250,52.25,394820,3.5645,95190
759,8/1/2021,2.7,148730,52.24,499420,3.6735,106390
760,7/1/2021,2.729,135480,50.83,369290,3.696,63680
761,6/1/2021,2.716,144690,50.63,509370,3.6505,93050
762,5/1/2021,2.702,149830,49.93,643190,3.6395,65950
763,4/1/2021,2.581,128380,47.62,528530,3.5545,78590
764,31-12-2020,2.539,111110,48.52,181890,3.519,42980
765,30-12-2020,2.422,81790,48.4,266960,3.549,39010
766,29-12-2020,2.467,3270,48,213780,3.5535,240
767,28-12-2020,2.305,49280,47.62,238460,3.57,80
768,24-12-2020,2.518,39990,48.23,167390,3.5615,70
769,23-12-2020,2.608,98710,48.12,344310,3.555,110
770,22-12-2020,2.78,112740,47.02,295740,3.519,440
771,21-12-2020,2.705,104270,47.74,27960,3.5755,110
772,18-12-2020,2.7,121680,49.1,83710,3.63,130
773,17-12-2020,2.636,154240,48.36,96540,3.6,40
774,16-12-2020,2.677,128970,47.82,275330,3.5575,90
775,15-12-2020,2.682,137600,47.62,311170,3.542,160
776,14-12-2020,2.682,142940,46.99,403540,3.524,180
777,11/12/2020,2.591,177710,46.57,367310,3.526,90
778,10/12/2020,2.553,215460,46.78,447530,3.5725,80
779,9/12/2020,2.442,185150,45.52,434980,3.5105,100
780,8/12/2020,2.399,177630,45.6,332640,3.4965,90
781,7/12/2020,2.406,236670,45.76,348870,3.514,70
782,4/12/2020,2.575,142530,46.26,335450,3.521,60
783,3/12/2020,2.507,269560,45.64,350770,3.4865,90
784,2/12/2020,2.78,142880,45.28,368850,3.4845,140
785,1/12/2020,2.88,137670,44.55,314920,3.48,380
786,30-11-2020,2.882,146180,45.34,370760,3.4335,160
787,25-11-2020,2.896,5630,45.71,417180,3.318,1030
788,24-11-2020,2.775,41700,44.91,418530,3.3075,550
789,23-11-2020,2.711,38780,43.06,300720,3.265,630
790,20-11-2020,2.65,76190,42.15,29780,3.2975,390
791,19-11-2020,2.592,159960,41.74,88140,3.2085,280
792,18-11-2020,2.712,124470,41.82,107010,3.2035,460
793,17-11-2020,2.692,110710,41.43,243680,3.203,270
794,16-11-2020,2.697,189360,41.34,378790,3.225,250
795,13-11-2020,2.995,127130,40.13,338190,3.1805,70
796,12/11/2020,2.976,126610,41.12,401030,3.148,130
797,11/11/2020,3.031,139900,41.45,443770,3.1375,50
798,10/11/2020,2.949,158190,41.36,457050,3.1595,150
799,9/11/2020,2.859,125980,40.29,622920,3.1595,210
800,6/11/2020,2.888,186660,37.14,411030,3.157,130
801,5/11/2020,2.942,173750,38.79,298370,3.1135,140
802,4/11/2020,3.046,145540,39.15,437000,3.1095,90
803,3/11/2020,3.059,184780,37.66,410610,3.0935,110
804,2/11/2020,3.244,156210,36.81,489200,3.081,60
805,30-10-2020,3.354,146430,35.79,388970,3.0515,260
806,29-10-2020,3.301,168760,36.17,568820,3.06,20
807,28-10-2020,2.996,4960,37.39,489950,3.064,89550
808,27-10-2020,3.019,57590,39.57,339540,3.0935,56270
809,26-10-2020,3.024,35710,38.56,360180,3.0895,74730
810,23-10-2020,2.971,73250,39.85,268930,3.129,50620
811,22-10-2020,3.007,93190,40.64,307490,3.1535,74340
812,21-10-2020,3.023,154370,40.03,366900,3.1985,80170
813,20-10-2020,2.913,119810,41.46,24520,3.148,78890
814,19-10-2020,2.795,150450,40.83,75340,3.086,53710
815,16-10-2020,2.773,146430,40.88,96490,3.0675,49490
816,15-10-2020,2.775,150330,40.96,248250,3.0855,73520
817,14-10-2020,2.636,184590,41.04,328300,3.0505,44200
818,13-10-2020,2.855,178430,40.2,375470,3.0445,60940
819,12/10/2020,2.881,179700,39.43,322040,3.064,50420
820,9/10/2020,2.741,207340,40.6,331700,3.0825,77720
821,8/10/2020,2.627,198490,41.19,409790,3.042,60110
822,7/10/2020,2.606,211070,39.95,433070,3.033,88200
823,6/10/2020,2.52,149530,40.67,400530,2.9635,45410
824,5/10/2020,2.615,195410,39.22,378580,2.963,56240
825,2/10/2020,2.438,163730,37.05,391430,2.9775,112080
826,1/10/2020,2.527,155890,38.72,443440,2.8655,116110
827,30-09-2020,2.527,145930,40.22,340290,3.0325,81630
828,29-09-2020,2.561,196450,39.29,379600,2.99,67930
829,28-09-2020,2.101,3360,40.6,226430,2.988,280
830,25-09-2020,2.139,40390,40.25,229030,2.9715,480
831,24-09-2020,2.248,60480,40.31,269990,2.9675,180
832,23-09-2020,2.125,100580,39.93,318750,2.9925,300
833,22-09-2020,1.834,102270,39.6,23220,3.06,260
834,21-09-2020,1.835,256630,39.31,66200,3.0315,210
835,18-09-2020,2.048,146580,41.11,73760,3.114,160
836,17-09-2020,2.042,238360,40.97,280670,3.0685,180
837,16-09-2020,2.267,119390,40.16,367610,3.0585,200
838,15-09-2020,2.362,114510,38.28,348860,3.061,320
839,14-09-2020,2.31,151170,37.26,347560,3.065,370
840,11/9/2020,2.269,123020,37.33,363790,3.036,300
841,10/9/2020,2.323,139970,37.3,367560,2.9925,300
842,9/9/2020,2.406,201390,38.05,455360,3.046,730
843,4/9/2020,2.588,165240,39.77,444180,3.056,360
844,3/9/2020,2.487,146080,41.37,417630,2.9695,90
845,2/9/2020,2.486,257130,41.51,421770,3.015,120
846,1/9/2020,2.527,228380,42.76,285150,3.0225,170
847,31-08-2020,2.63,203890,42.61,236880,3.0555,150
848,28-08-2020,2.657,152900,42.97,272800,3.012,450
849,27-08-2020,2.579,2600,43.04,320970,2.9755,870
850,26-08-2020,2.461,37630,43.39,262240,2.9685,190
851,25-08-2020,2.489,43870,43.35,330800,2.9415,390
852,24-08-2020,2.513,101300,42.62,294730,2.9325,300
853,21-08-2020,2.448,134960,42.34,345370,2.924,400
854,20-08-2020,2.352,146660,42.58,27430,2.981,170
855,19-08-2020,2.426,112840,42.93,81300,3.028,270
856,18-08-2020,2.417,141590,42.89,111630,2.9805,470
857,17-08-2020,2.339,143940,42.89,208430,2.909,190
858,14-08-2020,2.356,229930,42.01,310870,2.868,90
859,13-08-2020,2.182,173310,42.24,329510,2.816,240
860,12/8/2020,2.152,175920,42.67,397830,2.899,220
861,11/8/2020,2.171,166070,41.61,432840,2.884,100
862,10/8/2020,2.153,207910,41.94,367800,2.8705,100
863,7/8/2020,2.238,206250,41.22,399000,2.802,310
864,6/8/2020,2.165,161990,41.95,359610,2.919,290
865,5/8/2020,2.191,182430,42.19,491270,2.925,30
866,4/8/2020,2.193,230890,41.7,451580,2.903,50
867,3/8/2020,2.101,381970,41.01,338330,2.9205,40
868,31-07-2020,1.799,112250,40.27,318790,2.877,360
869,30-07-2020,1.829,165710,39.92,487330,2.922,310
870,29-07-2020,1.854,4060,41.27,295860,2.919,57120
871,28-07-2020,1.8,32530,41.04,276800,2.9175,70940
872,27-07-2020,1.734,37480,41.6,377710,2.8975,59870
873,24-07-2020,1.808,71800,41.29,353160,2.8925,80310
874,23-07-2020,1.785,122590,41.07,389410,2.9385,56700
875,22-07-2020,1.681,118420,41.9,333650,2.9245,72710
876,21-07-2020,1.675,131340,41.96,25620,2.958,51620
877,20-07-2020,1.641,165620,40.81,60180,2.9155,59310
878,17-07-2020,1.718,110720,40.59,88220,2.9045,49750
879,16-07-2020,1.723,136970,40.75,200100,2.9015,71220
880,15-07-2020,1.778,93860,41.2,352540,2.885,86430
881,14-07-2020,1.746,138350,40.29,426970,2.9325,83110
882,13-07-2020,1.739,158850,40.1,370720,2.955,104540
883,10/7/2020,1.805,166220,40.55,393150,2.8975,81460
884,9/7/2020,1.779,179260,39.62,367390,2.8385,78980
885,8/7/2020,1.824,187550,40.9,286740,2.824,59180
886,7/7/2020,1.876,203760,40.62,256600,2.797,62730
887,2/7/2020,1.734,142220,40.65,347100,2.7485,66230
888,1/7/2020,1.671,173540,39.82,407170,2.734,76630
889,30-06-2020,1.751,186910,39.27,370060,2.7285,69030
890,29-06-2020,1.709,273250,39.7,343910,2.6925,61500
891,26-06-2020,1.495,7250,38.49,356710,2.6715,900
892,25-06-2020,1.482,62680,38.72,451640,2.6725,270
893,24-06-2020,1.597,43230,38.01,499490,2.654,310
894,23-06-2020,1.637,85190,40.37,368730,2.664,510
895,22-06-2020,1.664,121430,40.46,29890,2.6575,170
896,19-06-2020,1.669,123840,39.75,64110,2.621,300
897,18-06-2020,1.638,124790,38.84,113380,2.6015,530
898,17-06-2020,1.638,150270,37.96,239520,2.601,360
899,16-06-2020,1.614,167100,38.38,366320,2.577,780
900,15-06-2020,1.669,191890,37.12,387550,2.5785,380
901,12/6/2020,1.731,148100,36.26,406510,2.6105,2170
902,11/6/2020,1.813,213620,36.34,513910,2.5955,110
903,10/6/2020,1.78,203930,39.6,385870,2.6655,120
904,9/6/2020,1.767,207730,38.94,396030,2.607,200
905,8/6/2020,1.789,206090,38.19,416640,2.574,610
906,5/6/2020,1.782,207230,39.55,396860,2.563,150
907,4/6/2020,1.822,114330,37.41,307610,2.4965,70
908,3/6/2020,1.821,200600,37.29,494250,2.495,50
909,2/6/2020,1.777,142960,36.81,343480,2.4985,30
910,1/6/2020,1.774,205240,35.44,385710,2.478,110
911,29-05-2020,1.849,221370,35.49,443650,2.4345,80
912,28-05-2020,1.827,160770,33.71,440170,2.4215,80
913,27-05-2020,1.722,2990,32.81,415250,2.382,73620
914,22-05-2020,1.731,53710,33.25,429040,2.3865,60700
915,21-05-2020,1.71,99420,33.92,372810,2.432,56130
916,20-05-2020,1.771,158340,33.49,406430,2.46,54340
917,19-05-2020,1.83,241440,32.5,36070,2.418,59830
918,18-05-2020,1.783,224940,31.82,89380,2.404,65070
919,15-05-2020,1.646,169710,29.43,108020,2.3305,48380
920,14-05-2020,1.681,206530,27.56,160510,2.346,53810
921,13-05-2020,1.616,254680,25.29,150860,2.346,43800
922,12/5/2020,1.72,228490,25.78,212340,2.359,48170
923,11/5/2020,1.826,224970,24.14,179590,2.38,59010
924,8/5/2020,1.823,188400,24.74,205180,2.406,34750
925,7/5/2020,1.894,228870,23.55,310260,2.3805,52220
926,6/5/2020,1.944,265470,23.99,381170,2.347,45060
927,5/5/2020,2.134,307830,24.56,387240,2.3325,38370
928,4/5/2020,1.993,187910,20.39,311490,2.3125,30430
929,1/5/2020,1.89,181680,19.78,403200,2.312,42860
930,30-04-2020,1.949,169440,18.84,545340,2.344,52270
931,29-04-2020,1.869,159450,15.06,554130,2.3705,46810
932,28-04-2020,1.794,3600,12.34,897090,2.348,1190
933,27-04-2020,1.819,67070,12.78,623200,2.3475,560
934,24-04-2020,1.746,77810,16.94,600220,2.3375,850
935,23-04-2020,1.815,93520,16.5,833580,2.3145,590
936,22-04-2020,1.939,162990,13.78,1240000,2.3015,810
937,21-04-2020,1.821,283420,10.01,18440,2.249,3150
938,20-04-2020,1.924,229820,-37.63,247950,2.328,1260
939,17-04-2020,1.753,196980,18.27,240630,2.354,280
940,16-04-2020,1.686,235590,19.87,350940,2.302,440
941,15-04-2020,1.598,152700,19.87,544800,2.304,330
942,14-04-2020,1.65,198540,20.11,785480,2.338,520
943,13-04-2020,1.724,196130,22.41,775120,2.3125,1120
944,9/4/2020,1.733,202180,22.76,1120000,2.268,710
945,8/4/2020,1.783,227400,25.09,823550,2.2665,450
946,7/4/2020,1.852,261930,23.63,797710,2.277,300
947,6/4/2020,1.731,187960,26.08,752710,2.221,200
948,3/4/2020,1.621,155160,28.34,1010000,2.1955,280
949,2/4/2020,1.552,165320,25.32,1100000,2.222,160
950,1/4/2020,1.587,143670,20.31,703290,2.179,190
951,31-03-2020,1.64,142550,20.48,660080,2.232,220
952,30-03-2020,1.69,102310,20.09,758710,2.1605,190
953,27-03-2020,1.634,6320,21.51,603120,2.172,54310
954,26-03-2020,1.637,48030,22.6,633880,2.178,60760
955,25-03-2020,1.659,42560,24.49,618730,2.204,74580
956,24-03-2020,1.653,92340,24.01,659700,2.18,91040
957,23-03-2020,1.602,138580,23.36,852950,2.1005,84920
958,20-03-2020,1.604,160480,22.43,29760,2.1715,88780
959,19-03-2020,1.654,189480,25.22,136720,2.1855,101070
960,18-03-2020,1.604,216850,20.37,309480,2.151,105930
961,17-03-2020,1.729,163790,26.95,545820,2.3135,101650
962,16-03-2020,1.815,167170,28.7,698830,2.3925,114110
963,13-03-2020,1.869,222420,31.73,743130,2.464,124910
964,12/3/2020,1.841,280150,31.5,1030000,2.4725,116120
965,11/3/2020,1.878,318550,32.98,874650,2.502,74670
966,10/3/2020,1.936,350200,34.36,1060000,2.5215,93800
967,9/3/2020,1.778,291350,31.13,1770000,2.5105,120970
968,6/3/2020,1.708,213510,41.28,1280000,2.5605,99170
969,5/3/2020,1.772,152640,45.9,704590,2.573,62320
970,4/3/2020,1.827,138210,46.78,745860,2.586,58220
971,3/3/2020,1.8,207500,47.18,1010000,2.573,100560
972,2/3/2020,1.756,197990,46.75,949470,2.595,106890
973,28-02-2020,1.684,218420,44.76,1100000,2.54,130450
974,27-02-2020,1.752,276100,47.09,1010000,2.5715,110450
975,26-02-2020,1.821,7700,48.73,884480,2.5735,1250
976,25-02-2020,1.847,70530,49.9,764990,2.5805,650
977,24-02-2020,1.827,75200,51.43,765520,2.5815,610
978,21-02-2020,1.905,146810,53.38,707560,2.6125,640
979,20-02-2020,1.92,266250,53.78,30670,2.5925,780
980,19-02-2020,1.955,269980,53.29,113680,2.6105,610
981,18-02-2020,1.981,322720,52.05,221770,2.6085,260
982,14-02-2020,1.837,188950,52.05,607340,2.604,310
983,13-02-2020,1.826,280380,51.42,745400,2.6175,310
984,12/2/2020,1.844,303310,51.17,795260,2.6055,830
985,11/2/2020,1.788,278430,49.94,725730,2.5875,230
986,10/2/2020,1.766,337230,49.57,715890,2.5545,220
987,7/2/2020,1.858,272130,50.32,768350,2.557,360
988,6/2/2020,1.862,186210,50.95,750660,2.5965,500
989,5/2/2020,1.861,195460,50.75,887950,2.5785,370
990,4/2/2020,1.872,184040,49.61,859360,2.5455,650
991,3/2/2020,1.819,163790,50.11,876040,2.5105,540
992,31-01-2020,1.841,135680,51.56,827910,2.52,470
993,30-01-2020,1.829,219700,52.14,720120,2.5275,140
994,29-01-2020,1.877,10050,53.33,624980,2.554,87190
995,28-01-2020,1.934,59300,53.48,633960,2.5795,100470
996,27-01-2020,1.902,72170,53.14,712880,2.5965,118990
997,24-01-2020,1.893,142190,54.19,586200,2.684,72570
998,23-01-2020,1.926,179790,55.59,704000,2.726,88850
999,22-01-2020,1.905,240000,56.74,620120,2.765,71190
1000,21-01-2020,1.895,255720,58.34,50180,2.7935,103870
1001,17-01-2020,2.003,213280,58.54,122560,2.8455,59520
1002,16-01-2020,2.077,206420,58.52,182870,2.847,73550
1003,15-01-2020,2.12,218920,57.81,433170,2.866,55200
1004,14-01-2020,2.187,281850,58.23,507710,2.8735,74970
1005,13-01-2020,2.182,232950,58.08,584000,2.861,73100
1006,10/1/2020,2.202,282650,59.04,596190,2.8135,60790
1007,9/1/2020,2.166,230030,59.56,750930,2.802,53120
1008,8/1/2020,2.141,242560,59.61,1210000,2.812,77700
1009,7/1/2020,2.162,163010,62.7,582650,2.7935,59470
1010,6/1/2020,2.135,154680,63.27,724240,2.79,59570
1011,3/1/2020,2.13,144670,63.05,885860,2.787,74750
1012,2/1/2020,2.122,164570,61.18,486870,2.825,72460
1013,31-12-2019,2.189,116890,61.06,494540,2.797,42720
1014,30-12-2019,2.186,124330,61.68,427150,2.8335,46910
1015,27-12-2019,2.158,8620,61.72,351900,2.8275,180
1016,26-12-2019,2.294,53810,61.68,265090,2.8475,140
1017,24-12-2019,2.172,49760,61.11,204540,2.8265,160
1018,23-12-2019,2.214,127890,60.52,314710,2.8095,380
1019,20-12-2019,2.328,153380,60.44,552520,2.805,210
1020,19-12-2019,2.273,231820,61.22,35460,2.8265,480
1021,18-12-2019,2.286,186140,60.93,131070,2.811,620
1022,17-12-2019,2.319,162320,60.94,163740,2.8125,480
1023,16-12-2019,2.341,163030,60.21,347400,2.809,2320
1024,13-12-2019,2.296,170400,60.07,512290,2.7775,450
1025,12/12/2019,2.328,258900,59.18,530850,2.7925,240
1026,11/12/2019,2.243,220220,58.76,589650,2.7855,290
1027,10/12/2019,2.264,270890,59.24,566820,2.7615,260
1028,9/12/2019,2.232,322560,59.02,511560,2.754,380
1029,6/12/2019,2.334,251410,59.2,679610,2.7205,110
1030,5/12/2019,2.427,179530,58.43,649460,2.6585,330
1031,4/12/2019,2.399,195330,58.43,760540,2.6545,190
1032,3/12/2019,2.441,307310,56.1,560550,2.618,80
1033,2/12/2019,2.329,219040,55.96,616420,2.6455,110
1034,29-11-2019,2.281,244120,55.17,718720,2.656,240
1035,27-11-2019,2.501,145160,58.11,454260,2.6905,660
1036,26-11-2019,2.47,12000,58.41,443820,2.686,1480
1037,25-11-2019,2.531,70300,58.01,420640,2.6535,710
1038,22-11-2019,2.665,84150,57.77,508240,2.6515,510
1039,21-11-2019,2.567,131310,58.58,593530,2.6275,810
1040,20-11-2019,2.559,146060,57.11,31920,2.652,1150
1041,19-11-2019,2.51,205950,55.21,121210,2.659,910
1042,18-11-2019,2.566,186990,57.05,159330,2.6245,1030
1043,15-11-2019,2.688,173530,57.72,375990,2.6425,420
1044,14-11-2019,2.647,223570,56.77,516830,2.6265,760
1045,13-11-2019,2.6,206270,57.12,547640,2.6435,760
1046,12/11/2019,2.621,199640,56.8,586570,2.65,470
1047,11/11/2019,2.637,250310,56.86,498980,2.668,250
1048,8/11/2019,2.789,175960,57.24,636940,2.686,740
1049,7/11/2019,2.772,301600,57.15,678170,2.732,590
1050,6/11/2019,2.828,189260,56.35,623260,2.6695,310
1051,5/11/2019,2.862,218500,57.23,435320,2.705,700
1052,4/11/2019,2.821,255670,56.54,580350,2.6755,350
1053,1/11/2019,2.714,239450,56.2,538120,2.6575,410
1054,31-10-2019,2.633,222320,54.18,677420,2.6425,320
1055,30-10-2019,2.691,214550,55.06,659330,2.6905,110
1056,29-10-2019,2.597,8450,55.54,521460,2.6915,52040
1057,28-10-2019,2.446,80630,55.81,437020,2.683,49120
1058,25-10-2019,2.3,63900,56.66,445020,2.6755,57340
1059,24-10-2019,2.316,125650,56.23,480760,2.668,61060
1060,23-10-2019,2.282,146420,55.97,620200,2.6715,75680
1061,22-10-2019,2.272,234960,54.16,33920,2.633,46140
1062,21-10-2019,2.238,215760,53.31,95980,2.6465,54490
1063,18-10-2019,2.32,150020,53.78,174480,2.636,71810
1064,17-10-2019,2.318,159780,53.93,418420,2.5975,53900
1065,16-10-2019,2.303,191280,53.36,451640,2.5895,54260
1066,15-10-2019,2.339,177880,52.81,511250,2.614,53710
1067,14-10-2019,2.28,171690,53.59,467640,2.634,58730
1068,11/10/2019,2.214,264180,54.7,741700,2.628,71340
1069,10/10/2019,2.218,216640,53.55,613940,2.6135,76150
1070,9/10/2019,2.234,197120,52.59,632670,2.568,46710
1071,8/10/2019,2.288,182130,52.63,658320,2.5685,62320
1072,7/10/2019,2.303,207410,52.75,549020,2.577,49610
1073,4/10/2019,2.352,204660,52.81,541100,2.5625,48820
1074,3/10/2019,2.329,275740,52.45,642470,2.5535,51490
1075,2/10/2019,2.247,165880,52.64,590310,2.5705,62200
1076,1/10/2019,2.283,232340,53.62,589180,2.5605,74860
1077,30-09-2019,2.33,173790,54.07,532520,2.5785,50070
1078,27-09-2019,2.404,132790,55.91,712970,2.5975,59060
1079,26-09-2019,2.428,10410,56.41,599650,2.571,800
1080,25-09-2019,2.502,60510,56.49,563550,2.606,510
1081,24-09-2019,2.503,56840,57.29,591530,2.6015,480
1082,23-09-2019,2.527,114580,58.64,526790,2.6065,230
1083,20-09-2019,2.534,130290,58.09,37980,2.6015,290
1084,19-09-2019,2.538,199310,58.13,112330,2.603,220
1085,18-09-2019,2.637,157920,58.11,216960,2.6075,130
1086,17-09-2019,2.668,180760,59.34,993240,2.6215,240
1087,16-09-2019,2.681,197190,62.9,1400000,2.634,880
1088,13-09-2019,2.614,184460,54.85,599470,2.6935,230
1089,12/9/2019,2.574,218450,55.09,845980,2.635,540
1090,11/9/2019,2.552,211020,55.75,858770,2.609,140
1091,10/9/2019,2.58,259970,57.4,755470,2.6225,150
1092,9/9/2019,2.585,276720,57.85,646990,2.6215,240
1093,6/9/2019,2.496,201590,56.52,714290,2.6285,290
1094,5/9/2019,2.435,229800,56.3,712470,2.6365,670
1095,4/9/2019,2.445,218510,56.26,682300,2.59,650
1096,3/9/2019,2.358,221620,53.94,970800,2.5235,770
1097,30-08-2019,2.285,124710,55.1,708270,2.547,330
1098,29-08-2019,2.296,200410,56.71,630760,2.5735,2560
1099,28-08-2019,2.251,8660,55.78,674050,2.559,2100
1100,27-08-2019,2.202,63220,54.93,596620,2.55,1230
1101,26-08-2019,2.23,52780,53.64,679020,2.5465,1240
1102,23-08-2019,2.152,81620,54.17,807150,2.5345,280
1103,22-08-2019,2.159,113110,55.35,621570,2.5615,480
1104,21-08-2019,2.17,193530,55.68,704040,2.589,530
1105,20-08-2019,2.218,107840,56.34,47450,2.5815,190
1106,19-08-2019,2.21,144760,56.21,113570,2.605,140
1107,16-08-2019,2.2,111990,54.87,168350,2.5985,110
1108,15-08-2019,2.232,206770,54.47,527870,2.5985,290
1109,14-08-2019,2.143,127370,55.23,718290,2.5955,290
1110,13-08-2019,2.147,199870,57.1,783490,2.6335,500
1111,12/8/2019,2.105,167910,54.93,611030,2.588,710
1112,9/8/2019,2.119,171910,54.5,726390,2.5925,570
1113,8/8/2019,2.128,191130,52.54,724760,2.6105,170
1114,7/8/2019,2.083,203420,51.09,1060000,2.575,410
1115,6/8/2019,2.111,142250,53.63,682790,2.5615,790
1116,5/8/2019,2.07,179230,54.69,823840,2.549,590
1117,2/8/2019,2.121,206340,55.66,739810,2.5775,690
1118,1/8/2019,2.202,251300,53.95,886750,2.6705,330
1119,31-07-2019,2.233,221830,58.58,614000,2.6715,860
1120,30-07-2019,2.137,91720,58.05,547400,2.683,290
1121,29-07-2019,2.141,8760,56.87,529740,2.7175,55520
1122,26-07-2019,2.169,45840,56.2,476790,2.685,58820
1123,25-07-2019,2.244,47530,56.02,559280,2.7035,63420
1124,24-07-2019,2.22,116590,55.88,745250,2.712,50450
1125,23-07-2019,2.3,106900,56.77,521880,2.7,65120
1126,22-07-2019,2.312,168620,56.22,24300,2.722,66570
1127,19-07-2019,2.251,109060,55.63,105220,2.7525,132640
1128,18-07-2019,2.287,173290,55.3,215360,2.71,51680
1129,17-07-2019,2.304,135140,56.78,504430,2.716,54350
1130,16-07-2019,2.306,148940,57.62,712540,2.7,67460
1131,15-07-2019,2.408,150760,59.58,566820,2.711,60290
1132,12/7/2019,2.453,171930,60.21,469030,2.694,57600
1133,11/7/2019,2.416,213620,60.2,573020,2.6875,62900
1134,10/7/2019,2.444,193980,60.43,690660,2.694,86280
1135,9/7/2019,2.425,202650,57.83,551870,2.625,78230
1136,8/7/2019,2.403,201730,57.66,540860,2.659,58270
1137,5/7/2019,2.418,237740,57.51,698020,2.661,69030
1138,3/7/2019,2.29,91190,57.34,600130,2.683,52690
1139,2/7/2019,2.24,96730,56.25,878940,2.664,66390
1140,1/7/2019,2.267,149170,59.09,674890,2.688,86270
1141,28-06-2019,2.308,116430,58.47,556100,2.7135,53970
1142,27-06-2019,2.324,108700,59.43,531410,2.7165,70430
1143,26-06-2019,2.291,6630,59.38,686820,2.7155,900
1144,25-06-2019,2.308,55010,57.83,673140,2.7365,1130
1145,24-06-2019,2.303,67650,57.9,597160,2.7065,1480
1146,21-06-2019,2.186,92240,57.43,676050,2.7055,1060
1147,20-06-2019,2.185,210070,56.65,27880,2.7125,560
1148,19-06-2019,2.276,173670,53.76,122840,2.6805,210
1149,18-06-2019,2.328,121400,53.9,181640,2.7025,570
1150,17-06-2019,2.386,120280,51.93,397870,2.6455,690
1151,14-06-2019,2.387,132410,52.51,574230,2.631,400
1152,13-06-2019,2.325,180140,52.28,945020,2.658,550
1153,12/6/2019,2.386,148270,51.14,786110,2.655,410
1154,11/6/2019,2.399,163810,53.27,642940,2.673,460
1155,10/6/2019,2.357,169930,53.26,687150,2.6625,360
1156,7/6/2019,2.337,154550,53.99,828130,2.6295,430
1157,6/6/2019,2.324,177940,52.59,790070,2.6515,240
1158,5/6/2019,2.378,109980,51.68,943190,2.6245,910
1159,4/6/2019,2.416,132770,53.48,831630,2.67,290
1160,3/6/2019,2.403,204390,53.25,984310,2.651,210
1161,31-05-2019,2.454,198410,53.5,1030000,2.6405,520
1162,30-05-2019,2.547,167470,56.59,842280,2.6565,410
1163,29-05-2019,2.633,8810,58.81,1120000,2.664,60700
1164,28-05-2019,2.582,47430,59.14,1020000,2.696,63390
1165,24-05-2019,2.598,55430,58.63,758100,2.6995,54240
1166,23-05-2019,2.578,118320,57.91,1110000,2.6805,70820
1167,22-05-2019,2.543,162720,61.42,766730,2.678,65880
1168,21-05-2019,2.613,144130,62.99,28910,2.715,60840
1169,20-05-2019,2.673,123610,63.1,131890,2.726,47180
1170,17-05-2019,2.631,79760,62.76,215800,2.7385,55660
1171,16-05-2019,2.639,113110,62.87,545680,2.748,60330
1172,15-05-2019,2.601,123120,62.02,723000,2.743,68130
1173,14-05-2019,2.659,92880,61.78,751670,2.725,62620
1174,13-05-2019,2.621,116270,61.04,1000000,2.719,78970
1175,10/5/2019,2.619,132050,61.66,786490,2.7745,91460
1176,9/5/2019,2.595,123680,61.7,769580,2.7715,89880
1177,8/5/2019,2.61,167090,62.12,791770,2.7745,94120
1178,7/5/2019,2.537,115820,61.4,842810,2.7855,103410
1179,6/5/2019,2.524,95210,62.25,768810,2.8295,89110
1180,3/5/2019,2.567,89980,61.94,646870,2.819,80320
1181,2/5/2019,2.589,120840,61.81,914660,2.7795,81050
1182,1/5/2019,2.62,105390,63.6,676870,2.8015,112250
1183,30-04-2019,2.575,94250,63.91,750490,2.904,64720
1184,29-04-2019,2.593,92360,63.5,654080,2.897,70620
1185,26-04-2019,2.566,9990,63.3,1000000,2.8915,1040
1186,25-04-2019,2.514,53340,65.21,603000,2.865,560
1187,24-04-2019,2.462,44970,65.89,678390,2.9135,860
1188,23-04-2019,2.455,119950,66.3,700600,2.898,410
1189,22-04-2019,2.524,105450,65.7,30140,2.905,330
1190,18-04-2019,2.49,168000,64,148240,2.923,450
1191,17-04-2019,2.517,144890,63.76,235380,2.97,450
1192,16-04-2019,2.572,103430,64.05,547470,2.9345,770
1193,15-04-2019,2.59,137630,63.4,555860,2.9385,660
1194,12/4/2019,2.66,88010,63.89,625590,2.9495,770
1195,11/4/2019,2.664,161210,63.58,760500,2.892,360
1196,10/4/2019,2.7,127470,64.61,722220,2.9305,110
1197,9/4/2019,2.699,117350,63.98,790680,2.9385,400
1198,8/4/2019,2.708,154200,64.4,895770,2.937,160
1199,5/4/2019,2.664,120320,63.08,686860,2.9,210
1200,4/4/2019,2.643,123660,62.1,684970,2.915,250
1201,3/4/2019,2.677,96800,62.46,799670,2.9525,350
1202,2/4/2019,2.684,106550,62.58,793230,2.9105,410
1203,1/4/2019,2.708,129460,61.59,670810,2.9285,450
1204,29-03-2019,2.662,115410,60.14,705560,2.9395,270
1205,28-03-2019,2.712,78720,59.3,712210,2.877,160
1206,27-03-2019,2.713,9640,59.41,732150,2.863,58230
1207,26-03-2019,2.74,37150,59.94,685990,2.854,62770
1208,25-03-2019,2.755,49170,58.82,705400,2.8565,68370
1209,22-03-2019,2.753,92640,59.04,738840,2.8425,103690
1210,21-03-2019,2.821,83790,59.98,655380,2.906,92470
1211,20-03-2019,2.82,114170,59.83,31130,2.921,60260
1212,19-03-2019,2.874,109750,59.03,114820,2.923,63280
1213,18-03-2019,2.85,102230,59.09,157240,2.909,60300
1214,15-03-2019,2.795,82710,58.52,507390,2.906,71260
1215,14-03-2019,2.855,85280,58.61,567600,2.8915,68740
1216,13-03-2019,2.82,101210,58.26,610620,2.9355,49400
1217,12/3/2019,2.784,90020,56.87,652800,2.9285,68210
1218,11/3/2019,2.772,136890,56.79,597160,2.901,43180
1219,8/3/2019,2.865,85880,56.07,747360,2.8935,66540
1220,7/3/2019,2.866,117000,56.66,628820,2.9105,59930
1221,6/3/2019,2.841,119630,56.22,637680,2.9185,51450
1222,5/3/2019,2.884,103060,56.56,538400,2.9335,61970
1223,4/3/2019,2.857,103660,56.59,549400,2.909,70590
1224,1/3/2019,2.859,134660,55.8,684190,2.932,75970
1225,28-02-2019,2.812,118340,57.22,496680,2.948,70210
1226,27-02-2019,2.799,94050,56.94,577230,2.9625,73980
1227,26-02-2019,2.855,14320,55.5,538920,2.948,930
1228,25-02-2019,2.836,80150,55.48,723010,2.947,710
1229,22-02-2019,2.717,35120,57.26,513440,2.949,680
1230,21-02-2019,2.697,97900,56.96,546200,2.8975,640
1231,20-02-2019,2.636,110140,56.92,37680,2.92,360
1232,19-02-2019,2.662,151750,56.09,153730,2.8775,180
1233,15-02-2019,2.625,98410,55.59,276910,2.8025,150
1234,14-02-2019,2.573,101560,54.41,623550,2.7785,190
1235,13-02-2019,2.575,185480,53.9,706550,2.776,50
1236,12/2/2019,2.688,169230,53.1,708310,2.775,50
1237,11/2/2019,2.642,202420,52.41,750240,2.793,100
1238,8/2/2019,2.583,147880,52.72,621000,2.814,270
1239,7/2/2019,2.551,211790,52.64,749010,2.832,320
1240,6/2/2019,2.662,98330,54.01,606720,2.84,100
1241,5/2/2019,2.662,82250,53.66,609760,2.8205,90
1242,4/2/2019,2.66,116490,54.56,622470,2.7975,490
