<?xml version="1.0" encoding="UTF-8"?>
<services version="1.0">
    <container id="pdfs_container" version="1.0">
        <search></search>
        <document-api></document-api>
        <document-processing></document-processing>
        <component id="e5" type="hugging-face-embedder">
            <transformer-model url="https://huggingface.co/intfloat/e5-small-v2/resolve/main/model.onnx"/>
            <tokenizer-model url="https://huggingface.co/intfloat/e5-small-v2/raw/main/tokenizer.json"/>
        </component>
        <component id="colbert" type="colbert-embedder">
            <transformer-model url="https://huggingface.co/colbert-ir/colbertv2.0/resolve/main/model.onnx"/>
            <tokenizer-model url="https://huggingface.co/colbert-ir/colbertv2.0/raw/main/tokenizer.json"/>
        </component>
    </container>
    <content id="pdfs_content" version="1.0">
        <redundancy>1</redundancy>
        <documents>
            <document type="pdf" mode="streaming"></document>
            <document-processing chain="indexing" cluster="pdfs_container" />
        </documents>
        <nodes>
            <node distribution-key="0" hostalias="node1"></node>
        </nodes>
    </content>
</services>